Name,Measurement #1,Measurement #2,Measurement #3,Measurement #4,Measurement #5,Measurement #6,Measurement #7,Measurement #8,Measurement #9,Measurement #10,Measurement #11,Measurement #12,Measurement #13,Measurement #14,Measurement #15,Measurement #16,Measurement #17,Measurement #18
Driving Voltage (mV peak-to-peak),20,20,20,60,60,60,100,100,100,140,140,140,180,180,180,220,220,220
Integration Time [ms],30634,31366,31239,9677,9583,9649,5666,5676,5644,4061,4055,4066,3156,3140,3152,2592,2605,2593
Luminance [cd/sqm],9.966E+00,9.974E+00,9.958E+00,3.150E+01,3.147E+01,3.139E+01,5.313E+01,5.304E+01,5.289E+01,7.471E+01,7.469E+01,7.472E+01,9.577E+01,9.577E+01,9.574E+01,1.164E+02,1.163E+02,1.165E+02
Chromaticity Coordinates,,,,,,,,,,,,,,,,,,
x,0.4682,0.4681,0.4683,0.473,0.4732,0.4736,0.4737,0.4735,0.4735,0.4735,0.4735,0.4733,0.4734,0.4734,0.4734,0.4731,0.4732,0.4731
y,0.4121,0.4122,0.4124,0.4147,0.4148,0.4151,0.4154,0.4153,0.4152,0.4154,0.4154,0.4153,0.4156,0.4155,0.4155,0.4153,0.4153,0.4154
Wavelength [nm],Spectral Radiance [W/(sr*sqm*nm)],Spectral Radiance [W/(sr*sqm*nm)],Spectral Radiance [W/(sr*sqm*nm)],Spectral Radiance [W/(sr*sqm*nm)],Spectral Radiance [W/(sr*sqm*nm)],Spectral Radiance [W/(sr*sqm*nm)],Spectral Radiance [W/(sr*sqm*nm)],Spectral Radiance [W/(sr*sqm*nm)],Spectral Radiance [W/(sr*sqm*nm)],Spectral Radiance [W/(sr*sqm*nm)],Spectral Radiance [W/(sr*sqm*nm)],Spectral Radiance [W/(sr*sqm*nm)],Spectral Radiance [W/(sr*sqm*nm)],Spectral Radiance [W/(sr*sqm*nm)],Spectral Radiance [W/(sr*sqm*nm)],Spectral Radiance [W/(sr*sqm*nm)],Spectral Radiance [W/(sr*sqm*nm)],Spectral Radiance [W/(sr*sqm*nm)]
380,-1.33E-08,6.34224E-07,1.37314E-06,6.41767E-06,-2.01E-06,2.94160E-06,-6.93E-06,-2.82E-06,3.35394E-06,1.23046E-07,4.40109E-06,5.19780E-07,5.33656E-06,-1.49E-06,-5.58E-07,5.08752E-06,4.14937E-06,-2.37E-07
381,-2.75E-07,3.53432E-07,4.98011E-07,3.40055E-06,-3.75E-06,1.45053E-06,-2.46E-06,-1.96E-06,2.48080E-06,2.51660E-06,5.85120E-06,-6.65E-08,8.47676E-06,-1.56E-06,-3.95E-06,1.08525E-05,2.10056E-07,6.18112E-07
382,-1.76E-07,-1.05E-07,-4.67E-08,1.35587E-06,-4.55E-06,5.69793E-07,2.51777E-06,-1.19E-06,3.11838E-06,2.83215E-06,4.57039E-06,5.36312E-07,7.72011E-06,-9.57E-07,-2.56E-06,1.16617E-05,-2.98E-06,4.48035E-08
383,2.74058E-07,-3.33E-07,3.08857E-07,1.25968E-06,-3.51E-06,9.04779E-07,5.10911E-06,-7.70E-07,5.31007E-06,-4.55E-08,1.11897E-07,1.43184E-06,2.84881E-06,3.97401E-07,3.96169E-06,5.36193E-06,-2.98E-06,-2.55E-06
384,6.80010E-07,-4.46E-07,8.72580E-07,2.37718E-06,-1.34E-06,1.19534E-06,5.19165E-06,1.43653E-07,6.39892E-06,-3.02E-06,-3.63E-06,2.05457E-06,-1.00E-06,1.75744E-06,9.05616E-06,-1.93E-06,-1.62E-06,-3.92E-06
385,6.93917E-07,-5.67E-07,9.84828E-07,3.87751E-06,1.06822E-06,3.60586E-07,3.10561E-06,2.17801E-06,4.17924E-06,-3.19E-06,-3.20E-06,2.02712E-06,6.67919E-07,2.36886E-06,6.94282E-06,-4.34E-06,-8.50E-07,-1.23E-06
386,5.03570E-07,-6.59E-07,8.52518E-07,5.17031E-06,2.76873E-06,-7.21E-07,9.84504E-07,4.46885E-06,6.18950E-07,-1.30E-06,-4.25E-07,2.03627E-06,5.35352E-06,2.07617E-06,7.19479E-07,-2.62E-06,-9.59E-07,3.60706E-06
387,4.77229E-07,-6.27E-07,9.86994E-07,5.82819E-06,2.96855E-06,-5.43E-07,1.37519E-06,5.72060E-06,-1.02E-06,5.82584E-07,1.04252E-06,3.09964E-06,8.18707E-06,9.66586E-07,-3.57E-06,1.54278E-08,-1.58E-06,7.17060E-06
388,6.61408E-07,-4.94E-07,1.42652E-06,5.59941E-06,1.73104E-06,9.26122E-07,4.51840E-06,5.42468E-06,-2.13E-08,1.45317E-06,1.71359E-07,5.01456E-06,7.09259E-06,-3.46E-07,-3.58E-06,1.95344E-06,-1.95E-06,8.56674E-06
389,6.80710E-07,-4.28E-07,1.57320E-06,4.34606E-06,2.14478E-07,1.77465E-06,7.60946E-06,3.93570E-06,1.17457E-06,1.42525E-06,-8.23E-07,5.86602E-06,3.24745E-06,-4.49E-07,-1.29E-06,3.38071E-06,-6.55E-07,9.84128E-06
390,2.62757E-07,-5.40E-07,9.52637E-07,2.14403E-06,-5.03E-07,4.70891E-07,7.92629E-06,1.82327E-06,5.30666E-07,8.39000E-07,-7.24E-08,4.15676E-06,-1.58E-06,1.55616E-06,1.11489E-06,4.40050E-06,3.01147E-06,1.22894E-05
391,-1.65E-07,-6.42E-07,1.01902E-07,2.90501E-07,-3.94E-07,-1.72E-06,5.83028E-06,5.74406E-07,-7.15E-07,9.75715E-07,1.36816E-06,1.86823E-06,-4.34E-06,3.83650E-06,2.23531E-06,5.06733E-06,6.51461E-06,1.45835E-05
392,-7.43E-08,-4.73E-07,-3.10E-07,1.88693E-09,2.36552E-07,-3.02E-06,2.22152E-06,1.50594E-06,-6.20E-07,3.13359E-06,1.82122E-06,1.42180E-06,-2.31E-06,4.10023E-06,1.20211E-06,5.29644E-06,6.88292E-06,1.44968E-05
393,4.20545E-07,5.08661E-08,-2.33E-07,8.68477E-07,1.03933E-06,-2.93E-06,-1.48E-06,3.92620E-06,1.09002E-06,6.51364E-06,1.32114E-06,3.02173E-06,3.17477E-06,2.31580E-06,-1.21E-06,4.71034E-06,4.44627E-06,1.20232E-05
394,5.85344E-07,8.35093E-07,-1.99E-07,9.04630E-07,1.59064E-06,-2.17E-06,-3.21E-06,5.15145E-06,3.10092E-06,8.20253E-06,1.53145E-06,4.75915E-06,6.75106E-06,6.08966E-07,-2.57E-06,2.62201E-06,2.70302E-06,9.26857E-06
395,5.50404E-08,1.70169E-06,-5.03E-07,-9.78E-07,1.71835E-06,-1.25E-06,-1.80E-06,3.60853E-06,4.44158E-06,6.46173E-06,3.41090E-06,5.24013E-06,5.05241E-06,4.35231E-07,-1.41E-06,-8.88E-07,4.01513E-06,7.70358E-06
396,-2.28E-07,2.17711E-06,-5.79E-07,-2.71E-06,2.07682E-06,2.20500E-08,7.85194E-07,1.52559E-06,5.38277E-06,3.51061E-06,5.31404E-06,4.84416E-06,1.65302E-06,7.31733E-07,3.38886E-07,-3.18E-06,6.49300E-06,6.04516E-06
397,8.22554E-07,1.77567E-06,2.34627E-07,-1.79E-06,3.36832E-06,1.91987E-06,2.05928E-06,1.69243E-06,6.34977E-06,2.20739E-06,5.19051E-06,4.28690E-06,1.22781E-06,6.01610E-08,2.65428E-07,-1.37E-06,7.48312E-06,2.64443E-06
398,2.60950E-06,8.06261E-07,1.50423E-06,1.02381E-06,4.86225E-06,3.50103E-06,1.41978E-06,3.78451E-06,6.78796E-06,2.84940E-06,3.21033E-06,4.01998E-06,3.76274E-06,-1.04E-06,-1.54E-06,3.34461E-06,6.43492E-06,-1.63E-06
399,3.37714E-06,1.19811E-07,2.04843E-06,2.71721E-06,4.85013E-06,3.04127E-06,-3.36E-07,5.25485E-06,5.46323E-06,3.84423E-06,1.10856E-06,4.26264E-06,5.86682E-06,-6.59E-07,-3.18E-06,6.90763E-06,4.32716E-06,-4.22E-06
400,2.36268E-06,1.80293E-07,1.39284E-06,1.78445E-06,2.74707E-06,1.81598E-07,-2.31E-06,4.69118E-06,2.27017E-06,4.22294E-06,2.89086E-08,5.03742E-06,5.81238E-06,1.99178E-06,-3.28E-06,7.19026E-06,1.96160E-06,-3.72E-06
401,9.53735E-07,6.24633E-07,6.05172E-07,2.44131E-08,4.47307E-07,-2.33E-06,-3.23E-06,3.07030E-06,-2.95E-07,4.32728E-06,-9.84E-08,5.83801E-06,5.46950E-06,5.06460E-06,-1.43E-06,6.02176E-06,-2.28E-07,-9.54E-07
402,6.68463E-07,1.01605E-06,8.26973E-07,-4.85E-07,-1.91E-08,-1.69E-06,-2.02E-06,1.67981E-06,3.13764E-07,4.68714E-06,4.86532E-07,6.21150E-06,6.91480E-06,6.63733E-06,2.41223E-06,5.60724E-06,-1.80E-06,2.84983E-06
403,1.18070E-06,1.17506E-06,1.70384E-06,5.68729E-07,9.93894E-07,1.00944E-06,3.43366E-07,1.16831E-06,3.09731E-06,5.34706E-06,1.21947E-06,6.18473E-06,8.73059E-06,7.18529E-06,6.36957E-06,5.90374E-06,-2.20E-06,5.85048E-06
404,1.17637E-06,1.05696E-06,2.06966E-06,2.55463E-06,1.85074E-06,2.53868E-06,1.71179E-06,1.88607E-06,5.11122E-06,6.11389E-06,1.34910E-06,6.08194E-06,7.62050E-06,8.48896E-06,7.41401E-06,5.71134E-06,-8.02E-07,5.78420E-06
405,1.72202E-07,6.92186E-07,1.43079E-06,4.70105E-06,1.98094E-06,1.33998E-06,1.16124E-06,3.43303E-06,5.02434E-06,6.67548E-06,1.16786E-06,6.09885E-06,2.82370E-06,1.05745E-05,4.99488E-06,4.77049E-06,2.21584E-06,2.77974E-06
406,-8.79E-07,2.33452E-07,4.62780E-07,6.05124E-06,2.66279E-06,-1.22E-06,-6.10E-08,4.14588E-06,4.32844E-06,6.52362E-06,2.73768E-06,6.18564E-06,-2.09E-06,1.04650E-05,2.81312E-06,4.42421E-06,5.31186E-06,1.03824E-06
407,-1.06E-06,-1.59E-07,-1.40E-07,5.73872E-06,4.85252E-06,-3.50E-06,-6.42E-07,2.70636E-06,4.51474E-06,5.25140E-06,7.36335E-06,6.13927E-06,-3.65E-06,5.77694E-06,4.05635E-06,5.71165E-06,6.91707E-06,4.09559E-06
408,-6.29E-07,-3.63E-07,-2.67E-07,4.19224E-06,7.01208E-06,-4.36E-06,-2.50E-07,8.79447E-07,5.83785E-06,3.75328E-06,1.15796E-05,5.68173E-06,-2.00E-06,9.14652E-08,6.77039E-06,7.52870E-06,6.83891E-06,9.47432E-06
409,-2.04E-07,-2.93E-07,-3.65E-08,2.15921E-06,6.84930E-06,-2.92E-06,1.06727E-06,1.23875E-06,7.98941E-06,3.15353E-06,1.05695E-05,4.42922E-06,1.49779E-06,-1.49E-06,7.35760E-06,8.04440E-06,5.30433E-06,1.27805E-05
410,1.36134E-09,-6.65E-08,3.33741E-07,5.36860E-07,4.63935E-06,4.19807E-07,2.81748E-06,3.80713E-06,1.00760E-05,3.51557E-06,4.85546E-06,3.09795E-06,5.07440E-06,1.67837E-06,5.59512E-06,7.27430E-06,3.28691E-06,1.23370E-05
411,1.95852E-07,-7.17E-09,5.30419E-07,3.31308E-07,3.24728E-06,4.00633E-06,4.10023E-06,6.06858E-06,1.07048E-05,3.84295E-06,3.12909E-07,3.49535E-06,6.69709E-06,5.76381E-06,4.68855E-06,7.12778E-06,2.48281E-06,9.31654E-06
412,5.35323E-07,-2.77E-07,3.74989E-07,1.91204E-06,4.38210E-06,6.44619E-06,4.45378E-06,6.38164E-06,9.24509E-06,3.63627E-06,9.12802E-07,6.49225E-06,5.67802E-06,8.01159E-06,6.68224E-06,8.96157E-06,4.02995E-06,5.51061E-06
413,9.39674E-07,-5.25E-07,8.02981E-08,3.67198E-06,5.95509E-06,6.82598E-06,4.62409E-06,5.76172E-06,7.23010E-06,3.97972E-06,4.63640E-06,9.82796E-06,5.29512E-06,9.00544E-06,9.64808E-06,1.21336E-05,7.35063E-06,4.54464E-06
414,1.27653E-06,-3.34E-07,-7.21E-08,3.76138E-06,5.40146E-06,4.50754E-06,5.51786E-06,5.68512E-06,6.59397E-06,6.12279E-06,8.37258E-06,1.08590E-05,9.21759E-06,9.92564E-06,1.10563E-05,1.56244E-05,1.14449E-05,9.95011E-06
415,1.43932E-06,2.40845E-07,-8.19E-11,2.46270E-06,3.45800E-06,1.07880E-06,6.90795E-06,6.38480E-06,7.66873E-06,9.31188E-06,1.05853E-05,1.02874E-05,1.58800E-05,1.12410E-05,1.08197E-05,1.87557E-05,1.47881E-05,1.85503E-05
416,1.34000E-06,8.41349E-07,2.44867E-07,1.40557E-06,2.92305E-06,-5.51E-07,7.82213E-06,7.24452E-06,9.68228E-06,1.15188E-05,1.08177E-05,1.08995E-05,2.03887E-05,1.28973E-05,1.03869E-05,2.10482E-05,1.55674E-05,2.29653E-05
417,1.03102E-06,1.19674E-06,6.18640E-07,1.41235E-06,4.77912E-06,7.66639E-07,7.93216E-06,7.89051E-06,1.19983E-05,1.19016E-05,9.65128E-06,1.38299E-05,2.05414E-05,1.47472E-05,1.08322E-05,2.24851E-05,1.39731E-05,2.09042E-05
418,8.39461E-07,1.21117E-06,1.10100E-06,1.81925E-06,6.68732E-06,2.94689E-06,8.21881E-06,8.52320E-06,1.44093E-05,1.19765E-05,9.68438E-06,1.73097E-05,1.94086E-05,1.66809E-05,1.26646E-05,2.41885E-05,1.40828E-05,1.97960E-05
419,1.04915E-06,8.77924E-07,1.66315E-06,2.05615E-06,6.59256E-06,4.08777E-06,9.55707E-06,9.32691E-06,1.66248E-05,1.31739E-05,1.29709E-05,1.95604E-05,1.99455E-05,1.85849E-05,1.61481E-05,2.70561E-05,1.91818E-05,2.60056E-05
420,1.65600E-06,6.61361E-07,2.26778E-06,3.11002E-06,6.24045E-06,5.24411E-06,1.21444E-05,1.06499E-05,1.84542E-05,1.60531E-05,1.83144E-05,2.14015E-05,2.30182E-05,2.14161E-05,2.14962E-05,3.18469E-05,2.72514E-05,3.62605E-05
421,2.54631E-06,1.14512E-06,2.87578E-06,6.41752E-06,8.52051E-06,8.40187E-06,1.58644E-05,1.28278E-05,1.96920E-05,2.07461E-05,2.34231E-05,2.44117E-05,2.85526E-05,2.63488E-05,2.88157E-05,3.90568E-05,3.45266E-05,4.40446E-05
422,3.55170E-06,2.34627E-06,3.51568E-06,1.16651E-05,1.32241E-05,1.31774E-05,2.01528E-05,1.60601E-05,2.07636E-05,2.69238E-05,2.79158E-05,2.89290E-05,3.59705E-05,3.37167E-05,3.75617E-05,4.81187E-05,4.11966E-05,4.80904E-05
423,4.44755E-06,3.69136E-06,4.29175E-06,1.67095E-05,1.69163E-05,1.67151E-05,2.39974E-05,2.04310E-05,2.28045E-05,3.38066E-05,3.34413E-05,3.40494E-05,4.42134E-05,4.30270E-05,4.65453E-05,5.74193E-05,5.16408E-05,5.26794E-05
424,5.09767E-06,4.76630E-06,5.18401E-06,1.99767E-05,1.75237E-05,1.73163E-05,2.68603E-05,2.57373E-05,2.65286E-05,4.05843E-05,4.07314E-05,3.91798E-05,5.23478E-05,5.33282E-05,5.46860E-05,6.57380E-05,6.77386E-05,6.08206E-05
425,5.80433E-06,5.85021E-06,5.94296E-06,2.24313E-05,1.80869E-05,1.76807E-05,3.05910E-05,3.17058E-05,3.21840E-05,4.76621E-05,4.87615E-05,4.61222E-05,6.15196E-05,6.39934E-05,6.30315E-05,7.52926E-05,8.53063E-05,7.30483E-05
426,6.92387E-06,7.32151E-06,6.35854E-06,2.54248E-05,2.21130E-05,2.09144E-05,3.72652E-05,3.82493E-05,3.99671E-05,5.58360E-05,5.65978E-05,5.69316E-05,7.32834E-05,7.48735E-05,7.31271E-05,8.88139E-05,1.00131E-04,8.95708E-05
427,8.44121E-06,8.97430E-06,6.77386E-06,2.88774E-05,2.89695E-05,2.67134E-05,4.63893E-05,4.54954E-05,4.90644E-05,6.57242E-05,6.50825E-05,7.03867E-05,8.71830E-05,8.67436E-05,8.55837E-05,1.05886E-04,1.12761E-04,1.09220E-04
428,1.01193E-05,1.02486E-05,7.88162E-06,3.19029E-05,3.55364E-05,3.27415E-05,5.59147E-05,5.36921E-05,5.80203E-05,7.78635E-05,7.61598E-05,8.32673E-05,1.01577E-04,1.00975E-04,1.00512E-04,1.24253E-04,1.26656E-04,1.29941E-04
429,1.17898E-05,1.10872E-05,9.94370E-06,3.45973E-05,4.01324E-05,3.78011E-05,6.46650E-05,6.29520E-05,6.60838E-05,9.19095E-05,9.02106E-05,9.42795E-05,1.15923E-04,1.17848E-04,1.17568E-04,1.43049E-04,1.43914E-04,1.50343E-04
430,1.35178E-05,1.23942E-05,1.25650E-05,3.90112E-05,4.39797E-05,4.30461E-05,7.36065E-05,7.37374E-05,7.43401E-05,1.06867E-04,1.05740E-04,1.06335E-04,1.32621E-04,1.36820E-04,1.36702E-04,1.65105E-04,1.65445E-04,1.71600E-04
431,1.52954E-05,1.48010E-05,1.52403E-05,4.64104E-05,4.81002E-05,4.91587E-05,8.31588E-05,8.57268E-05,8.32917E-05,1.21152E-04,1.20599E-04,1.21095E-04,1.52540E-04,1.56292E-04,1.56712E-04,1.91318E-04,1.90376E-04,1.93700E-04
432,1.74170E-05,1.79952E-05,1.78415E-05,5.58461E-05,5.38643E-05,5.59276E-05,9.43165E-05,9.87271E-05,9.41157E-05,1.36406E-04,1.35987E-04,1.38513E-04,1.75487E-04,1.77460E-04,1.78205E-04,2.20955E-04,2.19285E-04,2.19443E-04
433,2.01173E-05,2.12791E-05,2.02619E-05,6.54062E-05,6.22013E-05,6.25348E-05,1.07493E-04,1.11956E-04,1.07411E-04,1.54155E-04,1.53103E-04,1.57092E-04,1.99801E-04,2.01057E-04,2.01112E-04,2.51407E-04,2.51617E-04,2.50652E-04
434,2.33171E-05,2.42244E-05,2.26698E-05,7.42624E-05,7.24227E-05,6.93082E-05,1.22360E-04,1.25468E-04,1.22793E-04,1.74582E-04,1.72691E-04,1.76549E-04,2.25509E-04,2.27386E-04,2.26239E-04,2.82487E-04,2.86397E-04,2.86146E-04
435,2.67121E-05,2.66878E-05,2.55052E-05,8.26701E-05,8.25961E-05,7.76643E-05,1.38172E-04,1.40245E-04,1.39250E-04,1.97009E-04,1.95388E-04,1.97948E-04,2.54478E-04,2.56766E-04,2.55507E-04,3.16573E-04,3.22816E-04,3.22687E-04
436,3.01561E-05,2.88996E-05,2.90512E-05,9.14583E-05,9.20759E-05,8.85025E-05,1.55048E-04,1.57328E-04,1.56600E-04,2.21713E-04,2.21802E-04,2.22491E-04,2.88193E-04,2.89905E-04,2.90203E-04,3.55837E-04,3.61500E-04,3.59683E-04
437,3.36403E-05,3.17648E-05,3.30127E-05,1.02137E-04,1.02572E-04,1.00858E-04,1.74035E-04,1.76769E-04,1.75444E-04,2.49677E-04,2.50886E-04,2.50072E-04,3.25084E-04,3.26338E-04,3.27969E-04,3.99332E-04,4.03789E-04,4.00172E-04
438,3.73129E-05,3.61951E-05,3.71844E-05,1.16308E-04,1.16105E-04,1.14031E-04,1.96644E-04,1.99015E-04,1.96952E-04,2.82492E-04,2.82349E-04,2.81220E-04,3.64519E-04,3.66541E-04,3.67466E-04,4.47223E-04,4.52209E-04,4.48380E-04
439,4.15025E-05,4.17461E-05,4.17783E-05,1.33157E-04,1.32171E-04,1.28613E-04,2.22617E-04,2.23975E-04,2.21363E-04,3.19382E-04,3.16817E-04,3.16239E-04,4.07693E-04,4.10948E-04,4.10181E-04,5.01003E-04,5.07333E-04,5.03743E-04
440,4.66497E-05,4.74492E-05,4.72281E-05,1.50996E-04,1.49337E-04,1.45871E-04,2.51187E-04,2.51585E-04,2.48749E-04,3.58942E-04,3.55651E-04,3.55679E-04,4.57018E-04,4.60436E-04,4.59240E-04,5.63232E-04,5.69409E-04,5.64209E-04
441,5.28019E-05,5.30632E-05,5.35897E-05,1.68928E-04,1.66947E-04,1.65464E-04,2.81586E-04,2.81499E-04,2.78844E-04,4.00661E-04,3.98729E-04,3.98889E-04,5.12533E-04,5.14891E-04,5.14795E-04,6.33011E-04,6.36865E-04,6.28781E-04
442,5.93907E-05,5.90660E-05,6.03183E-05,1.86507E-04,1.84806E-04,1.84652E-04,3.12255E-04,3.12241E-04,3.10193E-04,4.43978E-04,4.43041E-04,4.42672E-04,5.70015E-04,5.71590E-04,5.72010E-04,7.03519E-04,7.04156E-04,6.95974E-04
443,6.61088E-05,6.59470E-05,6.71155E-05,2.04177E-04,2.03347E-04,2.02220E-04,3.43122E-04,3.43684E-04,3.42489E-04,4.89463E-04,4.87628E-04,4.86178E-04,6.27860E-04,6.29836E-04,6.28935E-04,7.71936E-04,7.69633E-04,7.66519E-04
444,7.23315E-05,7.28361E-05,7.32976E-05,2.21259E-04,2.21033E-04,2.18480E-04,3.72491E-04,3.73654E-04,3.72729E-04,5.31863E-04,5.29288E-04,5.27269E-04,6.81590E-04,6.83759E-04,6.81722E-04,8.34576E-04,8.30111E-04,8.33568E-04
445,7.78681E-05,7.90870E-05,7.86192E-05,2.38171E-04,2.37405E-04,2.35261E-04,4.00639E-04,4.01915E-04,3.99897E-04,5.68511E-04,5.67764E-04,5.66787E-04,7.30561E-04,7.31133E-04,7.30510E-04,8.92795E-04,8.87238E-04,8.94266E-04
446,8.24314E-05,8.39695E-05,8.28592E-05,2.52769E-04,2.51114E-04,2.50759E-04,4.24287E-04,4.25195E-04,4.21979E-04,5.96882E-04,5.99171E-04,6.00284E-04,7.69842E-04,7.68263E-04,7.70515E-04,9.40510E-04,9.34585E-04,9.41930E-04
447,8.60781E-05,8.71123E-05,8.62163E-05,2.62626E-04,2.61510E-04,2.62240E-04,4.40131E-04,4.40513E-04,4.38431E-04,6.17487E-04,6.20419E-04,6.23116E-04,7.95752E-04,7.94367E-04,7.97827E-04,9.71878E-04,9.65564E-04,9.72255E-04
448,8.88491E-05,8.86719E-05,8.87472E-05,2.67290E-04,2.68290E-04,2.68474E-04,4.47532E-04,4.47476E-04,4.48872E-04,6.30692E-04,6.30963E-04,6.34025E-04,8.07858E-04,8.09422E-04,8.11371E-04,9.85838E-04,9.78777E-04,9.85109E-04
449,8.98767E-05,8.87587E-05,8.94022E-05,2.66770E-04,2.69022E-04,2.67935E-04,4.45620E-04,4.45352E-04,4.48712E-04,6.30390E-04,6.28026E-04,6.30801E-04,8.02858E-04,8.06567E-04,8.06498E-04,9.79139E-04,9.71343E-04,9.77205E-04
450,8.87613E-05,8.77596E-05,8.77076E-05,2.62101E-04,2.62771E-04,2.60726E-04,4.35551E-04,4.35330E-04,4.36243E-04,6.14168E-04,6.12013E-04,6.14369E-04,7.81413E-04,7.83622E-04,7.83118E-04,9.53243E-04,9.45228E-04,9.49977E-04
451,8.58286E-05,8.55178E-05,8.44509E-05,2.53294E-04,2.50834E-04,2.48963E-04,4.18521E-04,4.18192E-04,4.15316E-04,5.86020E-04,5.85602E-04,5.87158E-04,7.46518E-04,7.45628E-04,7.46381E-04,9.11326E-04,9.04510E-04,9.06922E-04
452,8.12065E-05,8.13773E-05,8.03157E-05,2.38978E-04,2.33963E-04,2.34032E-04,3.93775E-04,3.92744E-04,3.89140E-04,5.48765E-04,5.49297E-04,5.49257E-04,6.98313E-04,6.95932E-04,6.99127E-04,8.52828E-04,8.49468E-04,8.47891E-04
453,7.56569E-05,7.59733E-05,7.57844E-05,2.20694E-04,2.14717E-04,2.17257E-04,3.63347E-04,3.61862E-04,3.60374E-04,5.06388E-04,5.06690E-04,5.04564E-04,6.41887E-04,6.40101E-04,6.45533E-04,7.83935E-04,7.84471E-04,7.79133E-04
454,7.01383E-05,7.06117E-05,7.09575E-05,2.01301E-04,1.96145E-04,1.99183E-04,3.30022E-04,3.30051E-04,3.30036E-04,4.61914E-04,4.61803E-04,4.57889E-04,5.83558E-04,5.82974E-04,5.88475E-04,7.12840E-04,7.14117E-04,7.08660E-04
455,6.51507E-05,6.58922E-05,6.58871E-05,1.82641E-04,1.79745E-04,1.80530E-04,2.96466E-04,2.99966E-04,2.99142E-04,4.17582E-04,4.17317E-04,4.12760E-04,5.27616E-04,5.27805E-04,5.30609E-04,6.44594E-04,6.43154E-04,6.41464E-04
456,6.04048E-05,6.11667E-05,6.05576E-05,1.64842E-04,1.64412E-04,1.62466E-04,2.65355E-04,2.71184E-04,2.68951E-04,3.74581E-04,3.73849E-04,3.70784E-04,4.75184E-04,4.75511E-04,4.74642E-04,5.79185E-04,5.77096E-04,5.77709E-04
457,5.56255E-05,5.59356E-05,5.50687E-05,1.48089E-04,1.49152E-04,1.46132E-04,2.38947E-04,2.43455E-04,2.40898E-04,3.34435E-04,3.32539E-04,3.33427E-04,4.27371E-04,4.27161E-04,4.23502E-04,5.17227E-04,5.20632E-04,5.17897E-04
458,5.09243E-05,5.09505E-05,5.00073E-05,1.33190E-04,1.34465E-04,1.31850E-04,2.16581E-04,2.18138E-04,2.16320E-04,2.99574E-04,2.96759E-04,3.01235E-04,3.85334E-04,3.84283E-04,3.79522E-04,4.62933E-04,4.72286E-04,4.64793E-04
459,4.64632E-05,4.71763E-05,4.59761E-05,1.20863E-04,1.21082E-04,1.19491E-04,1.96532E-04,1.96625E-04,1.96082E-04,2.71984E-04,2.69704E-04,2.73999E-04,3.49563E-04,3.47854E-04,3.44065E-04,4.20409E-04,4.28296E-04,4.20857E-04
460,4.23642E-05,4.42859E-05,4.27009E-05,1.10877E-04,1.09498E-04,1.08805E-04,1.78567E-04,1.78960E-04,1.79613E-04,2.50432E-04,2.49700E-04,2.51095E-04,3.19139E-04,3.17445E-04,3.15941E-04,3.87818E-04,3.87882E-04,3.85151E-04
461,3.90170E-05,4.12726E-05,3.95380E-05,1.03077E-04,1.00837E-04,1.00225E-04,1.64850E-04,1.65470E-04,1.66533E-04,2.33032E-04,2.33161E-04,2.33343E-04,2.94355E-04,2.93845E-04,2.94275E-04,3.61584E-04,3.55272E-04,3.56937E-04
462,3.63421E-05,3.74930E-05,3.60614E-05,9.64913E-05,9.47103E-05,9.33158E-05,1.55022E-04,1.54848E-04,1.55483E-04,2.17158E-04,2.16840E-04,2.19197E-04,2.73530E-04,2.75168E-04,2.76063E-04,3.37316E-04,3.30191E-04,3.33289E-04
463,3.41421E-05,3.38352E-05,3.30494E-05,9.06815E-05,8.98579E-05,8.79644E-05,1.47183E-04,1.45986E-04,1.46564E-04,2.03462E-04,2.02835E-04,2.07256E-04,2.57047E-04,2.60279E-04,2.60154E-04,3.16370E-04,3.10723E-04,3.14256E-04
464,3.19442E-05,3.08758E-05,3.08755E-05,8.45379E-05,8.43586E-05,8.31953E-05,1.38365E-04,1.36767E-04,1.38497E-04,1.90910E-04,1.91269E-04,1.94540E-04,2.42771E-04,2.45797E-04,2.43574E-04,2.97399E-04,2.92365E-04,2.97082E-04
465,2.99762E-05,2.88867E-05,2.92992E-05,7.86528E-05,7.86993E-05,7.88116E-05,1.29680E-04,1.28468E-04,1.31090E-04,1.80380E-04,1.81732E-04,1.82244E-04,2.30300E-04,2.32095E-04,2.28437E-04,2.81272E-04,2.76997E-04,2.82124E-04
466,2.83172E-05,2.76896E-05,2.76257E-05,7.32344E-05,7.32084E-05,7.40632E-05,1.21942E-04,1.21802E-04,1.23123E-04,1.71273E-04,1.71820E-04,1.70746E-04,2.17382E-04,2.18180E-04,2.15677E-04,2.66426E-04,2.65061E-04,2.67634E-04
467,2.68964E-05,2.68333E-05,2.59065E-05,6.87786E-05,6.86438E-05,6.95312E-05,1.15815E-04,1.16334E-04,1.15046E-04,1.63163E-04,1.61767E-04,1.60913E-04,2.04706E-04,2.04954E-04,2.05401E-04,2.52534E-04,2.54798E-04,2.53837E-04
468,2.53643E-05,2.55204E-05,2.45383E-05,6.54926E-05,6.55650E-05,6.62366E-05,1.11055E-04,1.10082E-04,1.07689E-04,1.54693E-04,1.52577E-04,1.52834E-04,1.93633E-04,1.93244E-04,1.95775E-04,2.38492E-04,2.41352E-04,2.40672E-04
469,2.35600E-05,2.35429E-05,2.34992E-05,6.29223E-05,6.35864E-05,6.39665E-05,1.06599E-04,1.02343E-04,1.01184E-04,1.45061E-04,1.44379E-04,1.45585E-04,1.83986E-04,1.82755E-04,1.85147E-04,2.23606E-04,2.23184E-04,2.27326E-04
470,2.19442E-05,2.19534E-05,2.24022E-05,6.04101E-05,6.16720E-05,6.13814E-05,1.01527E-04,9.58564E-05,9.58766E-05,1.36298E-04,1.37784E-04,1.38581E-04,1.75551E-04,1.73828E-04,1.74675E-04,2.10814E-04,2.07076E-04,2.14819E-04
471,2.07423E-05,2.13604E-05,2.08517E-05,5.71384E-05,5.86354E-05,5.72177E-05,9.47729E-05,9.19852E-05,9.13140E-05,1.29086E-04,1.32160E-04,1.30703E-04,1.67057E-04,1.65622E-04,1.64448E-04,2.00967E-04,1.96961E-04,2.02797E-04
472,1.98358E-05,2.10502E-05,1.92248E-05,5.35698E-05,5.47124E-05,5.26934E-05,8.77829E-05,8.90241E-05,8.70335E-05,1.22574E-04,1.26366E-04,1.23017E-04,1.58756E-04,1.58147E-04,1.55231E-04,1.92787E-04,1.90522E-04,1.92057E-04
473,1.91430E-05,2.02197E-05,1.81389E-05,5.07237E-05,5.07902E-05,4.97267E-05,8.28860E-05,8.53287E-05,8.31339E-05,1.16379E-04,1.20052E-04,1.17646E-04,1.52128E-04,1.52442E-04,1.48692E-04,1.85731E-04,1.85321E-04,1.84592E-04
474,1.84673E-05,1.88527E-05,1.76317E-05,4.88434E-05,4.75439E-05,4.82011E-05,8.00219E-05,8.12387E-05,7.96965E-05,1.10577E-04,1.13784E-04,1.14396E-04,1.47173E-04,1.47518E-04,1.44186E-04,1.79058E-04,1.79900E-04,1.79353E-04
475,1.77049E-05,1.75718E-05,1.75533E-05,4.81466E-05,4.59822E-05,4.72282E-05,7.84353E-05,7.89894E-05,7.75009E-05,1.06530E-04,1.09706E-04,1.12692E-04,1.44289E-04,1.42468E-04,1.40954E-04,1.73459E-04,1.74899E-04,1.75040E-04
476,1.69776E-05,1.67706E-05,1.77101E-05,4.84814E-05,4.63404E-05,4.64901E-05,7.77748E-05,7.93447E-05,7.69873E-05,1.05191E-04,1.08803E-04,1.12179E-04,1.43492E-04,1.37881E-04,1.39039E-04,1.69906E-04,1.71178E-04,1.71596E-04
477,1.65985E-05,1.63849E-05,1.77224E-05,4.88269E-05,4.74192E-05,4.61461E-05,7.77034E-05,8.03974E-05,7.75521E-05,1.06153E-04,1.09611E-04,1.12012E-04,1.43223E-04,1.35462E-04,1.38610E-04,1.68510E-04,1.68653E-04,1.69475E-04
478,1.66164E-05,1.62010E-05,1.72420E-05,4.80699E-05,4.77772E-05,4.59282E-05,7.73634E-05,7.99575E-05,7.79869E-05,1.07765E-04,1.09875E-04,1.10760E-04,1.41244E-04,1.35263E-04,1.38541E-04,1.67789E-04,1.66062E-04,1.67755E-04
479,1.69017E-05,1.63486E-05,1.68663E-05,4.72281E-05,4.77384E-05,4.61227E-05,7.76991E-05,7.92505E-05,7.89039E-05,1.09524E-04,1.10356E-04,1.10241E-04,1.39936E-04,1.37663E-04,1.39667E-04,1.68811E-04,1.66008E-04,1.68419E-04
480,1.69803E-05,1.66553E-05,1.69187E-05,4.66754E-05,4.70667E-05,4.61899E-05,7.83151E-05,7.84535E-05,7.96346E-05,1.09294E-04,1.10185E-04,1.10423E-04,1.39447E-04,1.40314E-04,1.40402E-04,1.69697E-04,1.68029E-04,1.70340E-04
481,1.68841E-05,1.69584E-05,1.72750E-05,4.70627E-05,4.66946E-05,4.64227E-05,7.93266E-05,7.83720E-05,8.03948E-05,1.09006E-04,1.10355E-04,1.11579E-04,1.40648E-04,1.43162E-04,1.41651E-04,1.71376E-04,1.71747E-04,1.73697E-04
482,1.67500E-05,1.69937E-05,1.74865E-05,4.87353E-05,4.76339E-05,4.71206E-05,8.04886E-05,7.94274E-05,8.12014E-05,1.11449E-04,1.11792E-04,1.13273E-04,1.43584E-04,1.46174E-04,1.44325E-04,1.74699E-04,1.75600E-04,1.77971E-04
483,1.67581E-05,1.68293E-05,1.74046E-05,5.11337E-05,4.95446E-05,4.83006E-05,8.17689E-05,8.15478E-05,8.22451E-05,1.16384E-04,1.14623E-04,1.15478E-04,1.47665E-04,1.49349E-04,1.48292E-04,1.79490E-04,1.79158E-04,1.82626E-04
484,1.71625E-05,1.68996E-05,1.72169E-05,5.28725E-05,5.08075E-05,4.97782E-05,8.34950E-05,8.43101E-05,8.40386E-05,1.20713E-04,1.18376E-04,1.18793E-04,1.51917E-04,1.52978E-04,1.52619E-04,1.84842E-04,1.83449E-04,1.87421E-04
485,1.79730E-05,1.74126E-05,1.71277E-05,5.32750E-05,5.07538E-05,5.13112E-05,8.58285E-05,8.72748E-05,8.66427E-05,1.22678E-04,1.22337E-04,1.23238E-04,1.55788E-04,1.57076E-04,1.56611E-04,1.90169E-04,1.88836E-04,1.92127E-04
486,1.87515E-05,1.81493E-05,1.74639E-05,5.36192E-05,5.12517E-05,5.28399E-05,8.90537E-05,9.04966E-05,8.95987E-05,1.24455E-04,1.26008E-04,1.28220E-04,1.60612E-04,1.61962E-04,1.61076E-04,1.96793E-04,1.95195E-04,1.97661E-04
487,1.91685E-05,1.89095E-05,1.84695E-05,5.52684E-05,5.40783E-05,5.44916E-05,9.35113E-05,9.42426E-05,9.27558E-05,1.28547E-04,1.29522E-04,1.33467E-04,1.67949E-04,1.68258E-04,1.67199E-04,2.06252E-04,2.02855E-04,2.05282E-04
488,1.94724E-05,1.96110E-05,1.96651E-05,5.81536E-05,5.82977E-05,5.65453E-05,9.85541E-05,9.83010E-05,9.67192E-05,1.35090E-04,1.34514E-04,1.39020E-04,1.77228E-04,1.75823E-04,1.75036E-04,2.17328E-04,2.12261E-04,2.14760E-04
489,2.01202E-05,2.02646E-05,2.04316E-05,6.18443E-05,6.22844E-05,5.94171E-05,1.03485E-04,1.02551E-04,1.02439E-04,1.43669E-04,1.43175E-04,1.45301E-04,1.87555E-04,1.84636E-04,1.84587E-04,2.28466E-04,2.24240E-04,2.25836E-04
490,2.12528E-05,2.10758E-05,2.09935E-05,6.59313E-05,6.58563E-05,6.32164E-05,1.08906E-04,1.07736E-04,1.09608E-04,1.53619E-04,1.54956E-04,1.52942E-04,1.98779E-04,1.95097E-04,1.95621E-04,2.40529E-04,2.38800E-04,2.39038E-04
491,2.27608E-05,2.23733E-05,2.21738E-05,7.00055E-05,6.98672E-05,6.77926E-05,1.16297E-04,1.15149E-04,1.16962E-04,1.64043E-04,1.67250E-04,1.62626E-04,2.11217E-04,2.07805E-04,2.07652E-04,2.55998E-04,2.55237E-04,2.55328E-04
492,2.44915E-05,2.41861E-05,2.41759E-05,7.41434E-05,7.46858E-05,7.30045E-05,1.25889E-04,1.24772E-04,1.24194E-04,1.74921E-04,1.78775E-04,1.74445E-04,2.25226E-04,2.22975E-04,2.20988E-04,2.75422E-04,2.73079E-04,2.74584E-04
493,2.62951E-05,2.61399E-05,2.62895E-05,7.93875E-05,8.01040E-05,7.89297E-05,1.36290E-04,1.34856E-04,1.32862E-04,1.88084E-04,1.90830E-04,1.88058E-04,2.41852E-04,2.40840E-04,2.37805E-04,2.97051E-04,2.92980E-04,2.95723E-04
494,2.81126E-05,2.79901E-05,2.80459E-05,8.64108E-05,8.59887E-05,8.56152E-05,1.46572E-04,1.44344E-04,1.44090E-04,2.04772E-04,2.04816E-04,2.03329E-04,2.61849E-04,2.61648E-04,2.59504E-04,3.19808E-04,3.15852E-04,3.18295E-04
495,3.01231E-05,2.99761E-05,2.99870E-05,9.41651E-05,9.24295E-05,9.27335E-05,1.57492E-04,1.54643E-04,1.56682E-04,2.23215E-04,2.21337E-04,2.20475E-04,2.84196E-04,2.85102E-04,2.83725E-04,3.44800E-04,3.42493E-04,3.43531E-04
496,3.25144E-05,3.23881E-05,3.27271E-05,1.01419E-04,9.95491E-05,9.99413E-05,1.69971E-04,1.67363E-04,1.69137E-04,2.41243E-04,2.40542E-04,2.39604E-04,3.07577E-04,3.10577E-04,3.07628E-04,3.73182E-04,3.73250E-04,3.72618E-04
497,3.52389E-05,3.51965E-05,3.58489E-05,1.08597E-04,1.07622E-04,1.07650E-04,1.83870E-04,1.82020E-04,1.81807E-04,2.59050E-04,2.60977E-04,2.59951E-04,3.32047E-04,3.36442E-04,3.31573E-04,4.03772E-04,4.06066E-04,4.04544E-04
498,3.81798E-05,3.82603E-05,3.85230E-05,1.17000E-04,1.17091E-04,1.16708E-04,1.98776E-04,1.97385E-04,1.96108E-04,2.78248E-04,2.80845E-04,2.80702E-04,3.58689E-04,3.61131E-04,3.57796E-04,4.34871E-04,4.38372E-04,4.37800E-04
499,4.11963E-05,4.13594E-05,4.07159E-05,1.26677E-04,1.27477E-04,1.26584E-04,2.14233E-04,2.12680E-04,2.12011E-04,2.99180E-04,3.00038E-04,3.01569E-04,3.87066E-04,3.85196E-04,3.86453E-04,4.66591E-04,4.69631E-04,4.71387E-04
500,4.41426E-05,4.42132E-05,4.32155E-05,1.36484E-04,1.37430E-04,1.35415E-04,2.29852E-04,2.27682E-04,2.28150E-04,3.21072E-04,3.20303E-04,3.22948E-04,4.15407E-04,4.11525E-04,4.15806E-04,5.01114E-04,5.01582E-04,5.05047E-04
501,4.70996E-05,4.68857E-05,4.65687E-05,1.46219E-04,1.46660E-04,1.43137E-04,2.46283E-04,2.43370E-04,2.44622E-04,3.44559E-04,3.43689E-04,3.46196E-04,4.44449E-04,4.42815E-04,4.46023E-04,5.40678E-04,5.36997E-04,5.40523E-04
502,4.99941E-05,4.95419E-05,5.01327E-05,1.55801E-04,1.55199E-04,1.51656E-04,2.63071E-04,2.59965E-04,2.61449E-04,3.68735E-04,3.68162E-04,3.70039E-04,4.74374E-04,4.75297E-04,4.75477E-04,5.80284E-04,5.73488E-04,5.76488E-04
503,5.29977E-05,5.25518E-05,5.34846E-05,1.65872E-04,1.63941E-04,1.63137E-04,2.80796E-04,2.78529E-04,2.79645E-04,3.94221E-04,3.93289E-04,3.94773E-04,5.07149E-04,5.07339E-04,5.05004E-04,6.17921E-04,6.11194E-04,6.14138E-04
504,5.61037E-05,5.57752E-05,5.65237E-05,1.76020E-04,1.73235E-04,1.75497E-04,2.98135E-04,2.97210E-04,2.97579E-04,4.19352E-04,4.18191E-04,4.19218E-04,5.40099E-04,5.37784E-04,5.34668E-04,6.53625E-04,6.48963E-04,6.52043E-04
505,5.95325E-05,5.92248E-05,5.95412E-05,1.86467E-04,1.84091E-04,1.86591E-04,3.14908E-04,3.15057E-04,3.14593E-04,4.44129E-04,4.44002E-04,4.44017E-04,5.72259E-04,5.68487E-04,5.66956E-04,6.91245E-04,6.88637E-04,6.91445E-04
506,6.30540E-05,6.27192E-05,6.25934E-05,1.96783E-04,1.95706E-04,1.96146E-04,3.30937E-04,3.31748E-04,3.30573E-04,4.67978E-04,4.69338E-04,4.68384E-04,6.02551E-04,5.99351E-04,6.00021E-04,7.29264E-04,7.28521E-04,7.30589E-04
507,6.63177E-05,6.61081E-05,6.57448E-05,2.06625E-04,2.06645E-04,2.05477E-04,3.46851E-04,3.48134E-04,3.46530E-04,4.91100E-04,4.92438E-04,4.91796E-04,6.31292E-04,6.30518E-04,6.30849E-04,7.64727E-04,7.66517E-04,7.67659E-04
508,6.92656E-05,6.93481E-05,6.89670E-05,2.16101E-04,2.16478E-04,2.15232E-04,3.63115E-04,3.64703E-04,3.63079E-04,5.13818E-04,5.13655E-04,5.14464E-04,6.59477E-04,6.61748E-04,6.59204E-04,7.97967E-04,8.02203E-04,8.02649E-04
509,7.21286E-05,7.24577E-05,7.20471E-05,2.25652E-04,2.25800E-04,2.24984E-04,3.79604E-04,3.81109E-04,3.79949E-04,5.36071E-04,5.35400E-04,5.36957E-04,6.88218E-04,6.91658E-04,6.87582E-04,8.32530E-04,8.36404E-04,8.36942E-04
510,7.51114E-05,7.55105E-05,7.49181E-05,2.35531E-04,2.35163E-04,2.34590E-04,3.96288E-04,3.97303E-04,3.96879E-04,5.58154E-04,5.59056E-04,5.59761E-04,7.18197E-04,7.19892E-04,7.17630E-04,8.70429E-04,8.70277E-04,8.71819E-04
511,7.81336E-05,7.85247E-05,7.77159E-05,2.44936E-04,2.44285E-04,2.44181E-04,4.12512E-04,4.13138E-04,4.12821E-04,5.79958E-04,5.81896E-04,5.81783E-04,7.47341E-04,7.47035E-04,7.46825E-04,9.07444E-04,9.03526E-04,9.06042E-04
512,8.11807E-05,8.15903E-05,8.06690E-05,2.53502E-04,2.53167E-04,2.54099E-04,4.28203E-04,4.28948E-04,4.27516E-04,6.02064E-04,6.02198E-04,6.02783E-04,7.74672E-04,7.74642E-04,7.73698E-04,9.40726E-04,9.36953E-04,9.39504E-04
513,8.41704E-05,8.45816E-05,8.37004E-05,2.61936E-04,2.61904E-04,2.63610E-04,4.43463E-04,4.44342E-04,4.42049E-04,6.24237E-04,6.21909E-04,6.23459E-04,8.00991E-04,8.02514E-04,7.99415E-04,9.72078E-04,9.70835E-04,9.72590E-04
514,8.69423E-05,8.72645E-05,8.65794E-05,2.70971E-04,2.70422E-04,2.71560E-04,4.58081E-04,4.58390E-04,4.57414E-04,6.45489E-04,6.43317E-04,6.44216E-04,8.26918E-04,8.29252E-04,8.25186E-04,1.00372E-03,1.00442E-03,1.00497E-03
515,8.94121E-05,8.96662E-05,8.91346E-05,2.79860E-04,2.78546E-04,2.78159E-04,4.71356E-04,4.70445E-04,4.72354E-04,6.64499E-04,6.64552E-04,6.63967E-04,8.51259E-04,8.52877E-04,8.49866E-04,1.03407E-03,1.03542E-03,1.03465E-03
516,9.17184E-05,9.21439E-05,9.14114E-05,2.87522E-04,2.86583E-04,2.84987E-04,4.83238E-04,4.80975E-04,4.85179E-04,6.81083E-04,6.82549E-04,6.82020E-04,8.73398E-04,8.72791E-04,8.72552E-04,1.06126E-03,1.06264E-03,1.06067E-03
517,9.40118E-05,9.47725E-05,9.36143E-05,2.94195E-04,2.94639E-04,2.92669E-04,4.94698E-04,4.91330E-04,4.95962E-04,6.96600E-04,6.97805E-04,6.98876E-04,8.94255E-04,8.91144E-04,8.94198E-04,1.08655E-03,1.08745E-03,1.08484E-03
518,9.61655E-05,9.69901E-05,9.58477E-05,3.00791E-04,3.01661E-04,2.99778E-04,5.06412E-04,5.02420E-04,5.05355E-04,7.12118E-04,7.12944E-04,7.14296E-04,9.13841E-04,9.10655E-04,9.15219E-04,1.11158E-03,1.11084E-03,1.10895E-03
519,9.78877E-05,9.83102E-05,9.79573E-05,3.07128E-04,3.06581E-04,3.04949E-04,5.17427E-04,5.13394E-04,5.13184E-04,7.26680E-04,7.27871E-04,7.26844E-04,9.30525E-04,9.30492E-04,9.33562E-04,1.13461E-03,1.13119E-03,1.13146E-03
520,9.94227E-05,9.93963E-05,1.00083E-04,3.13154E-04,3.11211E-04,3.09984E-04,5.27730E-04,5.23982E-04,5.21791E-04,7.41176E-04,7.42401E-04,7.38911E-04,9.47294E-04,9.49845E-04,9.49970E-04,1.15618E-03,1.15093E-03,1.15315E-03
521,1.00891E-04,1.00750E-04,1.02165E-04,3.18385E-04,3.16717E-04,3.16034E-04,5.36700E-04,5.33289E-04,5.32161E-04,7.55189E-04,7.55236E-04,7.51636E-04,9.65264E-04,9.66714E-04,9.64224E-04,1.17537E-03,1.17061E-03,1.17326E-03
522,1.02235E-04,1.02186E-04,1.03728E-04,3.22466E-04,3.21814E-04,3.21582E-04,5.43960E-04,5.40770E-04,5.41410E-04,7.66343E-04,7.65162E-04,7.63417E-04,9.80960E-04,9.80125E-04,9.76649E-04,1.19127E-03,1.18774E-03,1.19036E-03
523,1.03754E-04,1.03754E-04,1.04672E-04,3.26389E-04,3.26011E-04,3.25881E-04,5.51352E-04,5.48179E-04,5.48157E-04,7.75130E-04,7.74199E-04,7.75066E-04,9.94021E-04,9.93346E-04,9.91426E-04,1.20773E-03,1.20406E-03,1.20765E-03
524,1.05425E-04,1.05361E-04,1.05391E-04,3.30396E-04,3.29764E-04,3.29569E-04,5.58891E-04,5.56068E-04,5.53750E-04,7.83304E-04,7.83531E-04,7.86456E-04,1.00608E-03,1.00717E-03,1.00772E-03,1.22516E-03,1.22100E-03,1.22539E-03
525,1.06749E-04,1.06534E-04,1.06211E-04,3.33391E-04,3.33053E-04,3.33030E-04,5.64033E-04,5.62719E-04,5.59298E-04,7.90945E-04,7.91590E-04,7.94710E-04,1.01683E-03,1.01816E-03,1.01916E-03,1.23862E-03,1.23615E-03,1.23874E-03
526,1.07652E-04,1.07262E-04,1.07187E-04,3.35668E-04,3.36048E-04,3.36430E-04,5.67012E-04,5.67762E-04,5.64978E-04,7.98346E-04,7.98435E-04,8.00049E-04,1.02622E-03,1.02598E-03,1.02525E-03,1.24774E-03,1.24839E-03,1.24731E-03
527,1.08511E-04,1.08013E-04,1.08131E-04,3.38954E-04,3.39185E-04,3.39807E-04,5.70912E-04,5.72314E-04,5.70198E-04,8.06199E-04,8.05917E-04,8.05916E-04,1.03475E-03,1.03364E-03,1.03148E-03,1.25693E-03,1.25818E-03,1.25534E-03
528,1.09474E-04,1.08951E-04,1.08928E-04,3.43334E-04,3.42383E-04,3.42803E-04,5.76636E-04,5.76686E-04,5.74378E-04,8.13853E-04,8.14000E-04,8.13326E-04,1.04213E-03,1.04204E-03,1.04005E-03,1.26734E-03,1.26547E-03,1.26446E-03
529,1.10523E-04,1.09946E-04,1.09882E-04,3.46755E-04,3.45474E-04,3.45209E-04,5.82485E-04,5.81080E-04,5.78419E-04,8.20262E-04,8.21195E-04,8.20807E-04,1.04916E-03,1.05071E-03,1.04949E-03,1.27711E-03,1.27219E-03,1.27445E-03
530,1.11555E-04,1.10849E-04,1.11112E-04,3.47884E-04,3.48203E-04,3.46890E-04,5.86860E-04,5.85488E-04,5.82922E-04,8.24654E-04,8.26278E-04,8.26892E-04,1.05626E-03,1.05884E-03,1.05805E-03,1.28474E-03,1.27982E-03,1.28454E-03
531,1.12406E-04,1.11716E-04,1.12188E-04,3.48976E-04,3.50572E-04,3.48424E-04,5.90212E-04,5.90117E-04,5.87879E-04,8.28505E-04,8.30584E-04,8.32154E-04,1.06375E-03,1.06648E-03,1.06574E-03,1.29275E-03,1.28952E-03,1.29476E-03
532,1.12793E-04,1.12470E-04,1.12539E-04,3.51926E-04,3.52234E-04,3.49988E-04,5.92607E-04,5.94357E-04,5.92320E-04,8.32391E-04,8.34581E-04,8.36400E-04,1.07040E-03,1.07245E-03,1.07161E-03,1.30208E-03,1.30017E-03,1.30340E-03
533,1.12715E-04,1.12904E-04,1.12382E-04,3.54858E-04,3.53302E-04,3.51338E-04,5.94151E-04,5.97270E-04,5.95064E-04,8.35512E-04,8.37168E-04,8.39130E-04,1.07480E-03,1.07575E-03,1.07551E-03,1.30989E-03,1.30796E-03,1.30822E-03
534,1.12684E-04,1.13187E-04,1.12600E-04,3.55951E-04,3.55235E-04,3.53292E-04,5.97014E-04,5.99934E-04,5.97032E-04,8.39539E-04,8.39725E-04,8.42674E-04,1.07927E-03,1.07930E-03,1.08130E-03,1.31671E-03,1.31301E-03,1.31160E-03
535,1.12839E-04,1.13435E-04,1.13210E-04,3.55198E-04,3.57068E-04,3.54960E-04,6.00399E-04,6.01521E-04,5.97932E-04,8.43565E-04,8.42095E-04,8.45905E-04,1.08265E-03,1.08226E-03,1.08677E-03,1.32065E-03,1.31480E-03,1.31413E-03
536,1.13461E-04,1.14120E-04,1.14034E-04,3.55097E-04,3.57454E-04,3.55556E-04,6.03589E-04,6.02042E-04,5.98771E-04,8.47878E-04,8.46027E-04,8.48334E-04,1.08521E-03,1.08508E-03,1.08945E-03,1.32286E-03,1.31702E-03,1.31979E-03
537,1.14535E-04,1.15223E-04,1.14903E-04,3.56801E-04,3.56871E-04,3.55531E-04,6.06552E-04,6.02562E-04,6.00606E-04,8.52758E-04,8.51761E-04,8.50749E-04,1.08837E-03,1.08887E-03,1.09043E-03,1.32544E-03,1.32213E-03,1.32908E-03
538,1.15375E-04,1.15811E-04,1.15364E-04,3.58813E-04,3.57083E-04,3.55909E-04,6.08499E-04,6.03806E-04,6.02935E-04,8.56223E-04,8.55424E-04,8.53243E-04,1.09201E-03,1.09260E-03,1.09227E-03,1.32808E-03,1.32752E-03,1.33475E-03
539,1.15709E-04,1.15540E-04,1.15300E-04,3.60277E-04,3.59059E-04,3.57392E-04,6.09476E-04,6.06314E-04,6.05514E-04,8.57654E-04,8.55632E-04,8.56064E-04,1.09626E-03,1.09605E-03,1.09640E-03,1.33122E-03,1.33190E-03,1.33454E-03
540,1.16049E-04,1.15253E-04,1.15177E-04,3.61502E-04,3.61371E-04,3.59392E-04,6.10470E-04,6.09361E-04,6.07938E-04,8.58339E-04,8.55537E-04,8.58601E-04,1.10036E-03,1.09918E-03,1.09991E-03,1.33524E-03,1.33542E-03,1.33582E-03
541,1.16645E-04,1.15538E-04,1.15305E-04,3.62413E-04,3.62324E-04,3.60819E-04,6.11577E-04,6.11524E-04,6.09255E-04,8.58689E-04,8.57018E-04,8.59542E-04,1.10249E-03,1.10089E-03,1.09952E-03,1.33877E-03,1.33709E-03,1.34269E-03
542,1.17220E-04,1.16263E-04,1.15952E-04,3.63570E-04,3.63083E-04,3.62001E-04,6.13519E-04,6.13886E-04,6.10993E-04,8.61123E-04,8.61143E-04,8.61668E-04,1.10540E-03,1.10396E-03,1.10058E-03,1.34388E-03,1.34058E-03,1.35183E-03
543,1.17005E-04,1.16696E-04,1.16818E-04,3.64158E-04,3.63768E-04,3.62122E-04,6.14590E-04,6.15376E-04,6.12475E-04,8.64475E-04,8.64956E-04,8.64599E-04,1.10796E-03,1.10706E-03,1.10478E-03,1.34767E-03,1.34452E-03,1.35371E-03
544,1.16658E-04,1.17107E-04,1.17687E-04,3.65179E-04,3.64940E-04,3.62448E-04,6.16169E-04,6.16865E-04,6.14535E-04,8.68926E-04,8.68387E-04,8.68817E-04,1.11235E-03,1.11148E-03,1.11196E-03,1.35305E-03,1.35069E-03,1.35352E-03
545,1.16969E-04,1.17752E-04,1.18039E-04,3.67099E-04,3.66172E-04,3.63824E-04,6.18766E-04,6.18020E-04,6.16609E-04,8.72475E-04,8.69881E-04,8.72402E-04,1.11829E-03,1.11603E-03,1.11779E-03,1.36064E-03,1.35766E-03,1.35756E-03
546,1.17900E-04,1.18467E-04,1.18090E-04,3.69675E-04,3.67779E-04,3.66336E-04,6.22107E-04,6.19524E-04,6.18834E-04,8.75591E-04,8.71047E-04,8.75625E-04,1.12452E-03,1.12100E-03,1.12205E-03,1.36957E-03,1.36474E-03,1.36586E-03
547,1.18707E-04,1.18675E-04,1.18410E-04,3.71755E-04,3.70126E-04,3.69108E-04,6.24673E-04,6.22002E-04,6.21096E-04,8.79382E-04,8.74572E-04,8.79229E-04,1.12789E-03,1.12636E-03,1.12605E-03,1.37634E-03,1.37015E-03,1.37259E-03
548,1.19129E-04,1.18424E-04,1.19090E-04,3.73070E-04,3.72796E-04,3.71340E-04,6.26353E-04,6.25441E-04,6.23414E-04,8.83846E-04,8.80773E-04,8.83397E-04,1.12888E-03,1.13176E-03,1.13058E-03,1.37993E-03,1.37430E-03,1.37662E-03
549,1.19534E-04,1.18536E-04,1.19722E-04,3.74543E-04,3.74652E-04,3.72528E-04,6.28937E-04,6.29372E-04,6.26234E-04,8.88096E-04,8.87629E-04,8.88050E-04,1.13260E-03,1.13696E-03,1.13630E-03,1.38286E-03,1.38070E-03,1.38286E-03
550,1.19954E-04,1.19234E-04,1.19978E-04,3.76157E-04,3.74947E-04,3.72560E-04,6.32319E-04,6.32608E-04,6.29010E-04,8.90705E-04,8.92561E-04,8.92011E-04,1.13979E-03,1.14097E-03,1.14193E-03,1.38585E-03,1.38889E-03,1.39155E-03
551,1.20342E-04,1.20167E-04,1.20336E-04,3.77911E-04,3.75613E-04,3.73887E-04,6.35860E-04,6.35840E-04,6.32469E-04,8.93808E-04,8.96668E-04,8.96564E-04,1.14825E-03,1.14709E-03,1.14840E-03,1.39295E-03,1.39759E-03,1.40055E-03
552,1.20637E-04,1.20930E-04,1.21062E-04,3.79572E-04,3.77769E-04,3.77715E-04,6.38742E-04,6.39146E-04,6.36618E-04,8.98498E-04,9.00560E-04,9.01990E-04,1.15540E-03,1.15652E-03,1.15558E-03,1.40513E-03,1.40477E-03,1.40740E-03
553,1.21236E-04,1.21620E-04,1.21975E-04,3.81670E-04,3.80638E-04,3.82042E-04,6.42290E-04,6.42595E-04,6.41312E-04,9.05027E-04,9.05663E-04,9.08211E-04,1.16299E-03,1.16699E-03,1.16396E-03,1.41832E-03,1.41165E-03,1.41490E-03
554,1.22417E-04,1.22374E-04,1.22802E-04,3.84552E-04,3.83176E-04,3.84642E-04,6.47483E-04,6.46069E-04,6.46112E-04,9.12825E-04,9.12665E-04,9.14612E-04,1.17235E-03,1.17553E-03,1.17332E-03,1.42789E-03,1.41937E-03,1.42538E-03
555,1.23764E-04,1.23416E-04,1.23627E-04,3.88083E-04,3.86126E-04,3.86603E-04,6.53440E-04,6.50641E-04,6.51314E-04,9.20860E-04,9.20567E-04,9.21142E-04,1.18242E-03,1.18278E-03,1.18295E-03,1.43601E-03,1.42978E-03,1.43815E-03
556,1.24621E-04,1.24855E-04,1.24545E-04,3.91658E-04,3.90292E-04,3.89571E-04,6.58409E-04,6.57025E-04,6.56878E-04,9.27476E-04,9.27341E-04,9.27315E-04,1.19077E-03,1.18966E-03,1.19131E-03,1.44559E-03,1.44350E-03,1.45060E-03
557,1.25207E-04,1.26424E-04,1.25641E-04,3.94763E-04,3.94678E-04,3.93306E-04,6.63321E-04,6.64214E-04,6.62565E-04,9.33807E-04,9.33763E-04,9.34166E-04,1.19879E-03,1.19803E-03,1.19993E-03,1.45768E-03,1.45883E-03,1.46279E-03
558,1.26083E-04,1.27596E-04,1.26900E-04,3.96736E-04,3.97194E-04,3.96361E-04,6.69935E-04,6.69929E-04,6.67619E-04,9.41695E-04,9.41356E-04,9.42765E-04,1.20889E-03,1.20925E-03,1.21094E-03,1.47121E-03,1.47194E-03,1.47520E-03
559,1.27332E-04,1.28442E-04,1.28306E-04,3.98501E-04,3.98710E-04,3.98994E-04,6.77988E-04,6.74580E-04,6.72816E-04,9.51445E-04,9.50725E-04,9.52797E-04,1.22120E-03,1.22248E-03,1.22425E-03,1.48582E-03,1.48349E-03,1.48851E-03
560,1.28546E-04,1.29451E-04,1.29757E-04,4.02021E-04,4.02280E-04,4.02625E-04,6.85120E-04,6.80382E-04,6.79751E-04,9.61468E-04,9.61069E-04,9.62212E-04,1.23316E-03,1.23433E-03,1.23712E-03,1.50082E-03,1.49689E-03,1.50270E-03
561,1.29532E-04,1.30779E-04,1.31076E-04,4.07432E-04,4.08271E-04,4.07317E-04,6.90805E-04,6.87976E-04,6.88150E-04,9.71018E-04,9.71289E-04,9.70445E-04,1.24392E-03,1.24400E-03,1.24811E-03,1.51556E-03,1.51281E-03,1.51700E-03
562,1.30531E-04,1.32276E-04,1.32132E-04,4.12883E-04,4.13900E-04,4.11750E-04,6.97721E-04,6.96601E-04,6.96007E-04,9.81536E-04,9.80984E-04,9.79956E-04,1.25623E-03,1.25547E-03,1.25886E-03,1.53107E-03,1.52989E-03,1.53134E-03
563,1.31632E-04,1.33642E-04,1.32811E-04,4.16893E-04,4.17381E-04,4.15003E-04,7.06248E-04,7.04820E-04,7.01847E-04,9.92597E-04,9.89472E-04,9.90903E-04,1.27024E-03,1.26938E-03,1.26957E-03,1.54638E-03,1.54570E-03,1.54476E-03
564,1.33094E-04,1.34864E-04,1.33581E-04,4.20677E-04,4.21037E-04,4.18827E-04,7.14587E-04,7.12881E-04,7.08362E-04,1.00375E-03,9.99440E-04,1.00243E-03,1.28549E-03,1.28414E-03,1.28243E-03,1.56261E-03,1.56217E-03,1.56068E-03
565,1.34846E-04,1.35804E-04,1.34598E-04,4.24760E-04,4.26045E-04,4.23860E-04,7.20470E-04,7.20012E-04,7.16488E-04,1.01328E-03,1.01119E-03,1.01245E-03,1.29941E-03,1.29665E-03,1.29676E-03,1.57813E-03,1.57851E-03,1.57892E-03
566,1.36651E-04,1.36782E-04,1.35782E-04,4.29469E-04,4.31407E-04,4.29194E-04,7.26023E-04,7.26630E-04,7.25120E-04,1.02260E-03,1.02340E-03,1.02238E-03,1.31206E-03,1.30882E-03,1.31140E-03,1.59291E-03,1.59477E-03,1.59738E-03
567,1.38540E-04,1.38363E-04,1.37293E-04,4.35755E-04,4.36804E-04,4.34662E-04,7.34958E-04,7.34705E-04,7.34389E-04,1.03519E-03,1.03663E-03,1.03579E-03,1.32658E-03,1.32546E-03,1.32779E-03,1.61052E-03,1.61414E-03,1.61719E-03
568,1.40156E-04,1.40040E-04,1.38858E-04,4.41980E-04,4.41505E-04,4.39384E-04,7.44646E-04,7.42801E-04,7.42574E-04,1.04769E-03,1.04855E-03,1.04937E-03,1.34106E-03,1.34277E-03,1.34289E-03,1.62912E-03,1.63277E-03,1.63562E-03
569,1.41645E-04,1.41625E-04,1.40672E-04,4.47733E-04,4.46550E-04,4.44207E-04,7.53962E-04,7.51702E-04,7.50682E-04,1.05947E-03,1.06054E-03,1.06250E-03,1.35774E-03,1.36036E-03,1.35827E-03,1.65197E-03,1.65191E-03,1.65566E-03
570,1.42913E-04,1.42963E-04,1.42536E-04,4.52475E-04,4.51640E-04,4.49146E-04,7.61966E-04,7.60572E-04,7.58360E-04,1.06996E-03,1.07187E-03,1.07399E-03,1.37503E-03,1.37649E-03,1.37309E-03,1.67526E-03,1.67020E-03,1.67471E-03
571,1.44319E-04,1.44482E-04,1.44620E-04,4.57407E-04,4.57596E-04,4.55523E-04,7.70815E-04,7.70778E-04,7.67547E-04,1.08276E-03,1.08498E-03,1.08661E-03,1.39477E-03,1.39415E-03,1.39069E-03,1.69855E-03,1.69155E-03,1.69422E-03
572,1.45886E-04,1.46186E-04,1.46606E-04,4.62603E-04,4.63819E-04,4.62514E-04,7.80375E-04,7.81312E-04,7.77478E-04,1.09731E-03,1.09915E-03,1.09985E-03,1.41413E-03,1.41217E-03,1.40936E-03,1.71958E-03,1.71428E-03,1.71407E-03
573,1.47770E-04,1.48143E-04,1.48214E-04,4.68498E-04,4.69877E-04,4.68923E-04,7.90838E-04,7.91455E-04,7.87433E-04,1.11284E-03,1.11410E-03,1.11358E-03,1.43057E-03,1.42991E-03,1.42731E-03,1.73928E-03,1.73707E-03,1.73733E-03
574,1.49941E-04,1.50338E-04,1.49648E-04,4.75001E-04,4.75849E-04,4.74747E-04,8.02201E-04,8.01497E-04,7.97639E-04,1.12893E-03,1.12958E-03,1.12790E-03,1.44547E-03,1.44791E-03,1.44486E-03,1.76009E-03,1.75988E-03,1.76372E-03
575,1.51988E-04,1.52482E-04,1.51467E-04,4.80877E-04,4.81811E-04,4.80741E-04,8.13296E-04,8.11877E-04,8.08407E-04,1.14429E-03,1.14393E-03,1.14182E-03,1.46280E-03,1.46622E-03,1.46294E-03,1.78386E-03,1.78206E-03,1.78717E-03
576,1.53868E-04,1.54539E-04,1.53923E-04,4.86273E-04,4.88130E-04,4.87568E-04,8.24215E-04,8.23194E-04,8.20167E-04,1.15937E-03,1.15778E-03,1.15622E-03,1.48502E-03,1.48608E-03,1.48307E-03,1.81160E-03,1.80537E-03,1.80752E-03
577,1.55569E-04,1.56307E-04,1.56154E-04,4.91782E-04,4.93772E-04,4.93798E-04,8.34011E-04,8.33120E-04,8.30362E-04,1.17308E-03,1.17101E-03,1.17069E-03,1.50620E-03,1.50488E-03,1.50205E-03,1.83597E-03,1.82855E-03,1.82769E-03
578,1.57330E-04,1.57964E-04,1.57823E-04,4.98355E-04,4.98888E-04,4.99160E-04,8.43303E-04,8.41706E-04,8.38753E-04,1.18642E-03,1.18502E-03,1.18595E-03,1.52425E-03,1.52284E-03,1.51986E-03,1.85512E-03,1.85250E-03,1.85163E-03
579,1.59226E-04,1.59874E-04,1.59359E-04,5.05326E-04,5.04410E-04,5.04263E-04,8.52677E-04,8.51331E-04,8.47325E-04,1.20016E-03,1.19945E-03,1.20022E-03,1.54103E-03,1.54056E-03,1.53797E-03,1.87345E-03,1.87517E-03,1.87634E-03
580,1.61411E-04,1.62373E-04,1.61314E-04,5.12543E-04,5.11470E-04,5.10249E-04,8.63441E-04,8.64347E-04,8.58412E-04,1.21598E-03,1.21502E-03,1.21349E-03,1.55999E-03,1.56008E-03,1.55890E-03,1.89660E-03,1.89689E-03,1.90065E-03
581,1.63570E-04,1.64779E-04,1.63437E-04,5.19900E-04,5.18880E-04,5.17061E-04,8.75036E-04,8.77397E-04,8.70051E-04,1.23263E-03,1.23093E-03,1.22721E-03,1.58009E-03,1.58038E-03,1.58016E-03,1.92157E-03,1.91813E-03,1.92385E-03
582,1.65257E-04,1.66240E-04,1.65247E-04,5.26815E-04,5.24850E-04,5.23850E-04,8.85813E-04,8.86142E-04,8.79308E-04,1.24748E-03,1.24516E-03,1.24170E-03,1.59829E-03,1.59870E-03,1.59755E-03,1.94278E-03,1.93789E-03,1.94396E-03
583,1.66952E-04,1.67307E-04,1.67035E-04,5.33631E-04,5.30549E-04,5.30371E-04,8.96329E-04,8.93556E-04,8.88855E-04,1.26212E-03,1.25923E-03,1.25762E-03,1.61650E-03,1.61694E-03,1.61426E-03,1.96375E-03,1.95977E-03,1.96455E-03
584,1.68978E-04,1.68542E-04,1.68922E-04,5.39784E-04,5.36749E-04,5.35569E-04,9.05919E-04,9.02453E-04,9.00576E-04,1.27647E-03,1.27289E-03,1.27299E-03,1.63450E-03,1.63478E-03,1.63180E-03,1.98604E-03,1.98387E-03,1.98616E-03
585,1.71178E-04,1.70189E-04,1.70851E-04,5.45180E-04,5.43556E-04,5.40301E-04,9.15424E-04,9.12681E-04,9.12699E-04,1.29027E-03,1.28700E-03,1.28767E-03,1.65291E-03,1.65275E-03,1.65028E-03,2.00918E-03,2.00816E-03,2.00844E-03
586,1.73252E-04,1.72357E-04,1.72729E-04,5.50097E-04,5.50782E-04,5.46270E-04,9.26387E-04,9.23041E-04,9.22310E-04,1.30355E-03,1.30297E-03,1.30255E-03,1.67289E-03,1.67189E-03,1.66949E-03,2.03235E-03,2.03033E-03,2.03105E-03
587,1.75378E-04,1.74777E-04,1.74557E-04,5.55297E-04,5.57231E-04,5.53365E-04,9.38222E-04,9.33920E-04,9.30906E-04,1.31726E-03,1.31999E-03,1.31782E-03,1.69339E-03,1.69122E-03,1.68911E-03,2.05606E-03,2.05150E-03,2.05396E-03
588,1.77881E-04,1.76851E-04,1.76282E-04,5.61425E-04,5.60848E-04,5.59987E-04,9.48458E-04,9.45987E-04,9.41970E-04,1.33199E-03,1.33499E-03,1.33233E-03,1.71092E-03,1.70754E-03,1.70767E-03,2.08020E-03,2.07348E-03,2.07597E-03
589,1.80412E-04,1.78600E-04,1.77997E-04,5.68442E-04,5.63022E-04,5.66054E-04,9.57482E-04,9.58483E-04,9.55323E-04,1.34743E-03,1.34791E-03,1.34643E-03,1.72631E-03,1.72270E-03,1.72509E-03,2.10417E-03,2.09683E-03,2.09759E-03
590,1.82165E-04,1.80688E-04,1.80027E-04,5.76054E-04,5.68426E-04,5.73146E-04,9.68719E-04,9.70024E-04,9.68181E-04,1.36332E-03,1.36214E-03,1.36260E-03,1.74508E-03,1.74390E-03,1.74362E-03,2.12821E-03,2.12227E-03,2.12210E-03
591,1.83169E-04,1.83119E-04,1.82279E-04,5.83594E-04,5.77662E-04,5.80961E-04,9.81954E-04,9.79974E-04,9.78968E-04,1.37901E-03,1.37792E-03,1.38008E-03,1.76732E-03,1.76999E-03,1.76354E-03,2.15119E-03,2.14813E-03,2.14882E-03
592,1.84569E-04,1.85197E-04,1.84267E-04,5.90300E-04,5.86734E-04,5.87263E-04,9.93141E-04,9.89194E-04,9.88229E-04,1.39427E-03,1.39242E-03,1.39506E-03,1.78755E-03,1.79089E-03,1.78374E-03,2.17163E-03,2.17124E-03,2.17368E-03
593,1.86841E-04,1.86806E-04,1.86014E-04,5.96211E-04,5.93917E-04,5.91780E-04,1.00166E-03,9.99067E-04,9.97446E-04,1.40967E-03,1.40556E-03,1.40739E-03,1.80482E-03,1.80483E-03,1.80426E-03,2.19113E-03,2.19223E-03,2.19592E-03
594,1.88944E-04,1.88471E-04,1.88038E-04,6.01541E-04,6.00463E-04,5.96470E-04,1.01088E-03,1.00979E-03,1.00753E-03,1.42438E-03,1.41924E-03,1.42038E-03,1.82269E-03,1.82084E-03,1.82365E-03,2.21215E-03,2.21387E-03,2.21641E-03
595,1.90308E-04,1.90494E-04,1.90483E-04,6.06580E-04,6.07325E-04,6.02543E-04,1.02250E-03,1.02092E-03,1.01856E-03,1.43782E-03,1.43455E-03,1.43563E-03,1.84276E-03,1.84324E-03,1.84128E-03,2.23574E-03,2.23719E-03,2.23609E-03
596,1.91780E-04,1.92644E-04,1.92666E-04,6.12028E-04,6.14507E-04,6.09444E-04,1.03439E-03,1.03132E-03,1.02947E-03,1.45086E-03,1.45108E-03,1.45099E-03,1.86247E-03,1.86490E-03,1.85943E-03,2.26082E-03,2.26000E-03,2.25680E-03
597,1.94049E-04,1.94708E-04,1.94218E-04,6.18543E-04,6.21781E-04,6.16637E-04,1.04504E-03,1.04082E-03,1.03967E-03,1.46484E-03,1.46831E-03,1.46519E-03,1.88050E-03,1.88131E-03,1.88006E-03,2.28638E-03,2.28157E-03,2.28025E-03
598,1.96459E-04,1.96362E-04,1.95608E-04,6.25352E-04,6.27439E-04,6.23177E-04,1.05436E-03,1.05037E-03,1.04849E-03,1.47917E-03,1.48322E-03,1.47820E-03,1.89730E-03,1.89621E-03,1.89973E-03,2.30814E-03,2.30215E-03,2.30316E-03
599,1.98450E-04,1.97564E-04,1.97402E-04,6.31898E-04,6.30770E-04,6.28742E-04,1.06332E-03,1.06118E-03,1.05633E-03,1.49387E-03,1.49469E-03,1.49121E-03,1.91452E-03,1.91448E-03,1.91644E-03,2.32457E-03,2.32351E-03,2.32405E-03
600,2.00248E-04,1.98931E-04,1.99379E-04,6.37757E-04,6.34275E-04,6.34017E-04,1.07295E-03,1.07176E-03,1.06489E-03,1.50849E-03,1.50666E-03,1.50509E-03,1.93196E-03,1.93410E-03,1.93234E-03,2.34076E-03,2.34601E-03,2.34566E-03
601,2.02179E-04,2.01026E-04,2.01178E-04,6.42716E-04,6.40459E-04,6.39783E-04,1.08391E-03,1.08047E-03,1.07570E-03,1.52255E-03,1.52280E-03,1.52034E-03,1.94912E-03,1.95190E-03,1.94985E-03,2.36208E-03,2.36929E-03,2.37044E-03
602,2.04116E-04,2.03347E-04,2.02778E-04,6.47674E-04,6.47872E-04,6.46187E-04,1.09485E-03,1.08895E-03,1.08787E-03,1.53627E-03,1.53937E-03,1.53622E-03,1.96671E-03,1.96814E-03,1.96812E-03,2.38777E-03,2.39190E-03,2.39468E-03
603,2.05745E-04,2.05103E-04,2.04207E-04,6.53430E-04,6.53902E-04,6.52842E-04,1.10374E-03,1.09904E-03,1.09945E-03,1.54950E-03,1.55071E-03,1.55103E-03,1.98491E-03,1.98344E-03,1.98477E-03,2.41399E-03,2.41147E-03,2.41285E-03
604,2.07201E-04,2.06683E-04,2.05792E-04,6.59906E-04,6.59281E-04,6.59501E-04,1.11236E-03,1.11050E-03,1.11044E-03,1.56343E-03,1.56072E-03,1.56514E-03,2.00461E-03,2.00019E-03,2.00171E-03,2.43866E-03,2.43087E-03,2.42952E-03
605,2.08386E-04,2.08466E-04,2.07516E-04,6.65379E-04,6.64605E-04,6.64698E-04,1.12150E-03,1.12007E-03,1.11941E-03,1.57646E-03,1.57332E-03,1.57666E-03,2.02267E-03,2.01713E-03,2.01822E-03,2.45593E-03,2.44982E-03,2.44783E-03
606,2.09659E-04,2.10488E-04,2.09342E-04,6.70343E-04,6.69979E-04,6.69130E-04,1.13132E-03,1.12806E-03,1.12725E-03,1.58878E-03,1.58817E-03,1.58777E-03,2.03835E-03,2.03441E-03,2.03484E-03,2.47006E-03,2.46945E-03,2.46881E-03
607,2.11403E-04,2.12443E-04,2.11066E-04,6.75814E-04,6.74770E-04,6.74012E-04,1.14075E-03,1.13578E-03,1.13510E-03,1.60034E-03,1.60157E-03,1.60126E-03,2.05082E-03,2.05128E-03,2.05113E-03,2.48811E-03,2.48964E-03,2.49040E-03
608,2.13481E-04,2.14306E-04,2.12769E-04,6.81515E-04,6.79614E-04,6.79619E-04,1.14960E-03,1.14440E-03,1.14355E-03,1.61241E-03,1.61383E-03,1.61654E-03,2.06335E-03,2.06797E-03,2.06756E-03,2.51034E-03,2.51097E-03,2.51221E-03
609,2.15289E-04,2.16089E-04,2.14574E-04,6.85941E-04,6.85477E-04,6.85142E-04,1.15756E-03,1.15416E-03,1.15210E-03,1.62601E-03,1.62676E-03,1.62981E-03,2.08022E-03,2.08398E-03,2.08381E-03,2.53096E-03,2.53274E-03,2.53329E-03
610,2.16705E-04,2.17595E-04,2.16345E-04,6.89570E-04,6.91994E-04,6.90009E-04,1.16486E-03,1.16425E-03,1.16048E-03,1.64007E-03,1.63946E-03,1.64018E-03,2.09925E-03,2.09849E-03,2.09955E-03,2.54838E-03,2.55258E-03,2.55284E-03
611,2.18066E-04,2.18539E-04,2.17805E-04,6.94645E-04,6.97897E-04,6.94090E-04,1.17248E-03,1.17332E-03,1.16896E-03,1.65229E-03,1.64928E-03,1.64969E-03,2.11365E-03,2.11110E-03,2.11496E-03,2.56532E-03,2.56762E-03,2.57081E-03
612,2.19396E-04,2.19097E-04,2.18905E-04,7.00880E-04,7.02330E-04,6.97736E-04,1.18024E-03,1.18046E-03,1.17681E-03,1.66145E-03,1.65659E-03,1.65893E-03,2.12237E-03,2.12220E-03,2.12837E-03,2.58202E-03,2.57844E-03,2.58637E-03
613,2.20449E-04,2.19975E-04,2.19894E-04,7.05565E-04,7.05091E-04,7.01938E-04,1.18704E-03,1.18548E-03,1.18257E-03,1.66791E-03,1.66524E-03,1.66742E-03,2.13089E-03,2.13350E-03,2.13684E-03,2.59667E-03,2.58971E-03,2.59850E-03
614,2.21280E-04,2.21421E-04,2.21004E-04,7.08502E-04,7.07425E-04,7.06950E-04,1.19290E-03,1.18980E-03,1.18704E-03,1.67387E-03,1.67655E-03,1.67606E-03,2.14281E-03,2.14622E-03,2.14267E-03,2.60998E-03,2.60406E-03,2.60933E-03
615,2.21951E-04,2.22693E-04,2.22049E-04,7.11520E-04,7.11072E-04,7.10836E-04,1.19719E-03,1.19465E-03,1.19182E-03,1.68077E-03,1.68553E-03,1.68463E-03,2.15521E-03,2.15716E-03,2.15091E-03,2.62124E-03,2.61668E-03,2.62028E-03
616,2.22575E-04,2.23396E-04,2.22990E-04,7.15170E-04,7.16005E-04,7.13125E-04,1.20059E-03,1.20053E-03,1.19749E-03,1.68877E-03,1.69061E-03,1.69266E-03,2.16621E-03,2.16560E-03,2.16276E-03,2.63064E-03,2.62618E-03,2.63188E-03
617,2.23184E-04,2.23619E-04,2.23913E-04,7.17383E-04,7.18997E-04,7.15297E-04,1.20505E-03,1.20601E-03,1.20217E-03,1.69512E-03,1.69487E-03,1.69830E-03,2.17471E-03,2.17362E-03,2.17177E-03,2.63799E-03,2.63528E-03,2.64157E-03
618,2.24111E-04,2.23869E-04,2.25046E-04,7.18137E-04,7.19707E-04,7.18750E-04,1.21210E-03,1.21110E-03,1.20613E-03,1.70038E-03,1.70163E-03,1.70274E-03,2.18273E-03,2.18380E-03,2.17739E-03,2.64615E-03,2.64724E-03,2.65049E-03
619,2.25451E-04,2.24561E-04,2.26079E-04,7.19016E-04,7.21027E-04,7.21909E-04,1.21803E-03,1.21455E-03,1.20960E-03,1.70566E-03,1.70802E-03,1.70690E-03,2.19008E-03,2.19157E-03,2.18337E-03,2.65426E-03,2.65636E-03,2.65770E-03
620,2.26990E-04,2.25744E-04,2.26745E-04,7.21166E-04,7.24388E-04,7.23827E-04,1.22080E-03,1.21638E-03,1.21301E-03,1.71153E-03,1.71259E-03,1.71149E-03,2.19655E-03,2.19482E-03,2.19226E-03,2.66218E-03,2.66050E-03,2.66361E-03
621,2.27753E-04,2.26539E-04,2.26862E-04,7.23874E-04,7.26769E-04,7.25160E-04,1.22244E-03,1.21895E-03,1.21627E-03,1.71616E-03,1.71730E-03,1.71561E-03,2.20076E-03,2.19703E-03,2.20157E-03,2.67052E-03,2.66552E-03,2.67017E-03
622,2.26918E-04,2.26047E-04,2.26034E-04,7.24927E-04,7.24802E-04,7.24979E-04,1.22238E-03,1.22117E-03,1.21684E-03,1.71532E-03,1.71965E-03,1.71557E-03,2.19817E-03,2.19686E-03,2.20433E-03,2.67364E-03,2.66961E-03,2.67283E-03
623,2.26264E-04,2.25585E-04,2.25255E-04,7.25107E-04,7.22007E-04,7.23968E-04,1.22234E-03,1.22282E-03,1.21650E-03,1.71425E-03,1.71925E-03,1.71583E-03,2.19521E-03,2.19750E-03,2.20277E-03,2.67249E-03,2.67143E-03,2.67276E-03
624,2.26973E-04,2.26104E-04,2.25234E-04,7.25054E-04,7.21337E-04,7.22677E-04,1.22307E-03,1.22325E-03,1.21653E-03,1.71655E-03,1.71622E-03,1.71882E-03,2.19633E-03,2.19988E-03,2.19919E-03,2.66862E-03,2.66946E-03,2.67069E-03
625,2.27511E-04,2.26732E-04,2.25497E-04,7.24551E-04,7.21790E-04,7.21500E-04,1.22294E-03,1.22186E-03,1.21636E-03,1.71861E-03,1.71357E-03,1.71951E-03,2.19770E-03,2.19902E-03,2.19470E-03,2.66571E-03,2.66524E-03,2.66700E-03
626,2.26795E-04,2.26836E-04,2.25811E-04,7.24257E-04,7.22885E-04,7.21473E-04,1.22219E-03,1.22001E-03,1.21684E-03,1.71898E-03,1.71555E-03,1.71626E-03,2.19821E-03,2.19447E-03,2.19319E-03,2.66922E-03,2.66359E-03,2.66576E-03
627,2.25529E-04,2.26243E-04,2.25973E-04,7.23301E-04,7.23428E-04,7.20803E-04,1.22041E-03,1.21742E-03,1.21615E-03,1.71628E-03,1.71649E-03,1.71214E-03,2.19607E-03,2.18994E-03,2.19324E-03,2.67004E-03,2.65989E-03,2.66514E-03
628,2.24499E-04,2.24904E-04,2.25689E-04,7.20544E-04,7.21970E-04,7.17468E-04,1.21668E-03,1.21312E-03,1.21211E-03,1.70891E-03,1.71003E-03,1.70900E-03,2.18885E-03,2.18720E-03,2.19097E-03,2.65827E-03,2.64850E-03,2.66107E-03
629,2.24220E-04,2.23904E-04,2.25290E-04,7.18381E-04,7.19978E-04,7.14316E-04,1.21415E-03,1.21023E-03,1.20875E-03,1.70222E-03,1.70365E-03,1.70721E-03,2.18199E-03,2.18611E-03,2.18703E-03,2.64579E-03,2.64016E-03,2.65765E-03
630,2.24006E-04,2.23334E-04,2.24251E-04,7.16348E-04,7.16460E-04,7.11747E-04,1.21096E-03,1.20698E-03,1.20538E-03,1.69504E-03,1.69879E-03,1.70008E-03,2.17265E-03,2.17755E-03,2.17474E-03,2.63552E-03,2.63517E-03,2.64862E-03
631,2.23333E-04,2.22732E-04,2.22741E-04,7.13838E-04,7.12868E-04,7.10247E-04,1.20656E-03,1.20318E-03,1.20097E-03,1.68872E-03,1.69343E-03,1.69087E-03,2.16272E-03,2.16549E-03,2.16052E-03,2.62665E-03,2.62959E-03,2.63395E-03
632,2.21912E-04,2.21622E-04,2.21161E-04,7.10427E-04,7.10866E-04,7.09959E-04,1.20102E-03,1.19894E-03,1.19480E-03,1.68467E-03,1.68547E-03,1.68444E-03,2.15462E-03,2.15626E-03,2.15236E-03,2.61744E-03,2.61928E-03,2.61593E-03
633,2.20268E-04,2.20074E-04,2.19935E-04,7.06294E-04,7.09029E-04,7.08531E-04,1.19463E-03,1.19262E-03,1.18728E-03,1.67956E-03,1.67611E-03,1.67757E-03,2.14514E-03,2.14723E-03,2.14545E-03,2.60515E-03,2.60333E-03,2.59778E-03
634,2.19007E-04,2.18323E-04,2.19289E-04,7.01630E-04,7.05164E-04,7.03360E-04,1.18743E-03,1.18260E-03,1.17907E-03,1.66927E-03,1.66676E-03,1.66542E-03,2.13011E-03,2.13364E-03,2.13207E-03,2.58712E-03,2.58220E-03,2.58203E-03
635,2.18075E-04,2.16981E-04,2.18680E-04,6.97012E-04,7.00170E-04,6.96925E-04,1.18007E-03,1.17341E-03,1.17241E-03,1.65811E-03,1.65764E-03,1.65300E-03,2.11552E-03,2.12022E-03,2.11711E-03,2.56908E-03,2.56371E-03,2.57030E-03
636,2.16592E-04,2.15980E-04,2.16829E-04,6.91171E-04,6.93795E-04,6.90909E-04,1.17003E-03,1.16705E-03,1.16603E-03,1.64731E-03,1.64400E-03,1.64257E-03,2.10308E-03,2.10743E-03,2.10230E-03,2.55102E-03,2.54884E-03,2.55578E-03
637,2.14777E-04,2.14943E-04,2.14349E-04,6.85768E-04,6.86909E-04,6.85784E-04,1.15969E-03,1.16142E-03,1.15881E-03,1.63570E-03,1.62948E-03,1.63312E-03,2.09079E-03,2.09373E-03,2.08778E-03,2.53433E-03,2.53523E-03,2.53737E-03
638,2.13081E-04,2.13322E-04,2.12302E-04,6.82658E-04,6.80385E-04,6.81070E-04,1.15200E-03,1.15279E-03,1.14926E-03,1.62074E-03,1.61892E-03,1.62168E-03,2.07469E-03,2.07610E-03,2.07202E-03,2.51896E-03,2.51822E-03,2.51514E-03
639,2.11420E-04,2.11263E-04,2.10552E-04,6.79927E-04,6.75000E-04,6.76002E-04,1.14528E-03,1.14264E-03,1.13833E-03,1.60436E-03,1.60950E-03,1.60826E-03,2.05652E-03,2.05638E-03,2.05581E-03,2.50200E-03,2.49773E-03,2.49298E-03
640,2.09422E-04,2.09049E-04,2.08448E-04,6.74132E-04,6.70779E-04,6.69494E-04,1.13572E-03,1.13343E-03,1.12714E-03,1.58891E-03,1.59502E-03,1.59315E-03,2.03858E-03,2.03679E-03,2.03932E-03,2.47871E-03,2.47412E-03,2.47386E-03
641,2.07376E-04,2.06926E-04,2.06516E-04,6.66173E-04,6.66127E-04,6.62631E-04,1.12426E-03,1.12418E-03,1.11661E-03,1.57470E-03,1.57764E-03,1.57780E-03,2.02022E-03,2.01790E-03,2.02180E-03,2.45338E-03,2.44995E-03,2.45528E-03
642,2.05631E-04,2.04963E-04,2.05490E-04,6.58297E-04,6.58690E-04,6.56761E-04,1.11299E-03,1.11205E-03,1.10667E-03,1.56012E-03,1.56162E-03,1.56292E-03,1.99861E-03,1.99834E-03,2.00110E-03,2.43165E-03,2.42673E-03,2.43123E-03
643,2.03783E-04,2.03227E-04,2.04644E-04,6.51490E-04,6.50433E-04,6.51352E-04,1.10238E-03,1.09909E-03,1.09680E-03,1.54622E-03,1.54697E-03,1.54855E-03,1.97700E-03,1.97968E-03,1.97972E-03,2.41149E-03,2.40447E-03,2.40433E-03
644,2.00751E-04,2.01307E-04,2.02283E-04,6.44632E-04,6.43478E-04,6.43756E-04,1.08977E-03,1.08674E-03,1.08404E-03,1.53158E-03,1.52855E-03,1.53107E-03,1.95638E-03,1.96014E-03,1.95751E-03,2.38263E-03,2.37736E-03,2.37541E-03
645,1.97215E-04,1.99100E-04,1.98936E-04,6.38055E-04,6.37248E-04,6.35153E-04,1.07614E-03,1.07495E-03,1.07011E-03,1.51624E-03,1.50875E-03,1.51157E-03,1.93547E-03,1.93937E-03,1.93451E-03,2.34881E-03,2.34760E-03,2.34626E-03
646,1.94574E-04,1.96667E-04,1.96103E-04,6.32534E-04,6.29923E-04,6.28249E-04,1.06395E-03,1.06282E-03,1.05850E-03,1.50068E-03,1.49291E-03,1.49320E-03,1.91212E-03,1.91760E-03,1.91090E-03,2.31957E-03,2.32061E-03,2.31875E-03
647,1.92606E-04,1.94244E-04,1.93771E-04,6.26365E-04,6.21328E-04,6.21944E-04,1.05262E-03,1.04985E-03,1.04762E-03,1.48324E-03,1.47876E-03,1.47635E-03,1.88804E-03,1.89451E-03,1.88821E-03,2.29328E-03,2.29491E-03,2.29270E-03
648,1.90277E-04,1.92058E-04,1.91162E-04,6.16836E-04,6.12067E-04,6.13389E-04,1.03984E-03,1.03558E-03,1.03342E-03,1.46125E-03,1.46019E-03,1.45947E-03,1.86594E-03,1.86915E-03,1.86763E-03,2.26257E-03,2.26528E-03,2.26624E-03
649,1.87750E-04,1.90021E-04,1.88557E-04,6.06297E-04,6.03750E-04,6.04450E-04,1.02582E-03,1.02116E-03,1.01787E-03,1.43799E-03,1.43877E-03,1.44184E-03,1.84497E-03,1.84347E-03,1.84723E-03,2.23047E-03,2.23353E-03,2.23971E-03
650,1.85562E-04,1.87686E-04,1.86502E-04,5.98653E-04,5.97580E-04,5.98367E-04,1.01106E-03,1.00745E-03,1.00463E-03,1.41786E-03,1.41838E-03,1.42183E-03,1.82074E-03,1.81880E-03,1.82195E-03,2.20246E-03,2.20267E-03,2.21216E-03
651,1.83575E-04,1.84920E-04,1.84510E-04,5.92481E-04,5.92191E-04,5.93075E-04,9.96415E-04,9.94610E-04,9.92999E-04,1.40033E-03,1.40033E-03,1.40042E-03,1.79464E-03,1.79498E-03,1.79426E-03,2.17709E-03,2.17415E-03,2.18348E-03
652,1.81318E-04,1.81808E-04,1.81670E-04,5.83919E-04,5.85053E-04,5.84167E-04,9.82828E-04,9.82410E-04,9.80098E-04,1.38237E-03,1.38432E-03,1.37987E-03,1.77081E-03,1.77107E-03,1.77015E-03,2.14950E-03,2.14827E-03,2.15387E-03
653,1.78628E-04,1.78635E-04,1.78378E-04,5.73820E-04,5.75551E-04,5.72681E-04,9.69326E-04,9.68945E-04,9.64790E-04,1.36255E-03,1.36714E-03,1.36007E-03,1.74679E-03,1.74431E-03,1.74699E-03,2.11782E-03,2.12058E-03,2.12031E-03
654,1.75715E-04,1.75914E-04,1.75819E-04,5.65867E-04,5.64842E-04,5.62929E-04,9.55041E-04,9.52822E-04,9.48117E-04,1.34178E-03,1.34594E-03,1.34095E-03,1.71894E-03,1.71342E-03,1.71987E-03,2.08414E-03,2.08696E-03,2.08101E-03
655,1.72775E-04,1.73363E-04,1.73638E-04,5.58789E-04,5.54423E-04,5.54567E-04,9.40127E-04,9.36202E-04,9.32178E-04,1.32021E-03,1.32219E-03,1.32125E-03,1.68887E-03,1.68241E-03,1.69028E-03,2.04985E-03,2.04959E-03,2.04150E-03
656,1.70123E-04,1.70494E-04,1.70890E-04,5.49478E-04,5.46245E-04,5.45440E-04,9.26048E-04,9.23497E-04,9.20027E-04,1.29880E-03,1.30069E-03,1.30044E-03,1.66222E-03,1.65872E-03,1.66424E-03,2.01759E-03,2.01562E-03,2.01189E-03
657,1.67599E-04,1.67497E-04,1.67625E-04,5.38688E-04,5.39352E-04,5.35994E-04,9.11719E-04,9.11948E-04,9.08946E-04,1.27761E-03,1.28091E-03,1.27823E-03,1.63675E-03,1.63739E-03,1.63944E-03,1.98569E-03,1.98462E-03,1.98691E-03
658,1.64997E-04,1.65073E-04,1.64619E-04,5.29677E-04,5.31966E-04,5.28514E-04,8.96017E-04,8.96637E-04,8.94655E-04,1.25766E-03,1.26111E-03,1.25609E-03,1.60860E-03,1.60980E-03,1.61168E-03,1.95297E-03,1.95455E-03,1.95639E-03
659,1.62060E-04,1.62917E-04,1.61969E-04,5.21596E-04,5.23118E-04,5.21653E-04,8.79304E-04,8.78963E-04,8.77424E-04,1.23752E-03,1.24011E-03,1.23435E-03,1.57936E-03,1.57834E-03,1.58228E-03,1.91988E-03,1.92277E-03,1.92101E-03
660,1.58740E-04,1.60410E-04,1.59553E-04,5.12196E-04,5.13015E-04,5.12983E-04,8.63527E-04,8.64179E-04,8.60742E-04,1.21598E-03,1.21841E-03,1.21392E-03,1.55449E-03,1.55216E-03,1.55664E-03,1.88937E-03,1.88879E-03,1.88866E-03
661,1.55351E-04,1.57348E-04,1.56902E-04,5.01538E-04,5.02607E-04,5.02754E-04,8.47853E-04,8.50948E-04,8.44654E-04,1.19245E-03,1.19544E-03,1.19275E-03,1.53026E-03,1.52868E-03,1.53142E-03,1.85772E-03,1.85311E-03,1.85702E-03
662,1.52494E-04,1.53964E-04,1.53633E-04,4.91418E-04,4.93583E-04,4.93066E-04,8.31262E-04,8.35778E-04,8.28454E-04,1.16823E-03,1.17158E-03,1.16906E-03,1.50076E-03,1.50161E-03,1.50132E-03,1.82071E-03,1.81856E-03,1.82131E-03
663,1.49901E-04,1.50745E-04,1.50129E-04,4.82524E-04,4.85174E-04,4.84271E-04,8.15328E-04,8.18755E-04,8.12287E-04,1.14512E-03,1.14821E-03,1.14500E-03,1.46929E-03,1.47173E-03,1.46961E-03,1.78202E-03,1.78390E-03,1.78465E-03
664,1.47050E-04,1.48291E-04,1.47186E-04,4.75061E-04,4.75951E-04,4.76118E-04,8.02914E-04,8.02193E-04,7.97173E-04,1.12556E-03,1.12761E-03,1.12492E-03,1.44367E-03,1.44400E-03,1.44384E-03,1.74953E-03,1.74764E-03,1.75418E-03
665,1.43926E-04,1.45942E-04,1.44568E-04,4.66438E-04,4.65866E-04,4.67304E-04,7.90263E-04,7.85266E-04,7.81595E-04,1.10612E-03,1.10700E-03,1.10616E-03,1.41877E-03,1.41591E-03,1.41935E-03,1.71889E-03,1.71029E-03,1.72289E-03
666,1.41180E-04,1.43050E-04,1.42076E-04,4.54962E-04,4.56928E-04,4.57773E-04,7.73963E-04,7.68567E-04,7.65752E-04,1.08487E-03,1.08537E-03,1.08681E-03,1.38931E-03,1.38672E-03,1.39142E-03,1.68654E-03,1.67853E-03,1.68452E-03
667,1.38544E-04,1.39730E-04,1.39593E-04,4.43424E-04,4.48418E-04,4.47912E-04,7.56336E-04,7.53166E-04,7.50522E-04,1.06205E-03,1.06378E-03,1.06619E-03,1.35796E-03,1.35754E-03,1.36142E-03,1.65293E-03,1.65023E-03,1.64382E-03
668,1.35310E-04,1.36264E-04,1.36891E-04,4.35432E-04,4.38204E-04,4.37812E-04,7.40791E-04,7.39172E-04,7.35991E-04,1.03791E-03,1.04278E-03,1.04318E-03,1.32872E-03,1.32862E-03,1.33169E-03,1.61823E-03,1.61804E-03,1.60777E-03
669,1.31989E-04,1.32887E-04,1.34010E-04,4.29597E-04,4.27419E-04,4.28174E-04,7.26404E-04,7.25391E-04,7.21449E-04,1.01516E-03,1.02219E-03,1.01960E-03,1.30151E-03,1.30065E-03,1.30387E-03,1.58310E-03,1.58301E-03,1.57782E-03
670,1.29304E-04,1.29665E-04,1.30944E-04,4.22281E-04,4.17723E-04,4.19301E-04,7.10199E-04,7.09603E-04,7.05412E-04,9.95725E-04,1.00051E-03,9.97007E-04,1.27346E-03,1.27307E-03,1.27740E-03,1.54691E-03,1.54782E-03,1.55077E-03
671,1.26914E-04,1.26744E-04,1.27638E-04,4.12549E-04,4.08281E-04,4.10470E-04,6.93558E-04,6.92053E-04,6.89074E-04,9.76965E-04,9.77285E-04,9.75171E-04,1.24527E-03,1.24583E-03,1.24927E-03,1.51156E-03,1.51402E-03,1.52114E-03
672,1.24400E-04,1.24441E-04,1.24324E-04,4.01621E-04,3.98572E-04,4.01514E-04,6.80140E-04,6.75336E-04,6.75488E-04,9.57041E-04,9.54717E-04,9.55033E-04,1.22085E-03,1.22133E-03,1.21916E-03,1.48202E-03,1.48511E-03,1.48694E-03
673,1.21472E-04,1.22032E-04,1.21165E-04,3.91014E-04,3.89669E-04,3.91849E-04,6.66593E-04,6.59858E-04,6.62199E-04,9.34821E-04,9.33527E-04,9.34350E-04,1.19588E-03,1.19721E-03,1.19010E-03,1.45273E-03,1.45595E-03,1.45002E-03
674,1.18236E-04,1.18940E-04,1.18496E-04,3.82729E-04,3.83368E-04,3.81863E-04,6.49785E-04,6.46417E-04,6.46992E-04,9.11776E-04,9.15308E-04,9.12457E-04,1.16723E-03,1.17226E-03,1.16713E-03,1.41916E-03,1.42287E-03,1.41616E-03
675,1.15148E-04,1.15854E-04,1.16161E-04,3.75852E-04,3.77419E-04,3.72958E-04,6.32779E-04,6.33774E-04,6.31165E-04,8.90104E-04,8.97385E-04,8.91415E-04,1.13850E-03,1.14560E-03,1.14489E-03,1.38401E-03,1.38821E-03,1.38653E-03
676,1.12488E-04,1.13453E-04,1.13733E-04,3.68245E-04,3.68666E-04,3.65790E-04,6.18653E-04,6.19755E-04,6.15957E-04,8.70507E-04,8.75741E-04,8.72301E-04,1.11273E-03,1.11602E-03,1.11579E-03,1.35014E-03,1.35416E-03,1.35855E-03
677,1.10004E-04,1.11263E-04,1.11054E-04,3.59180E-04,3.58554E-04,3.58657E-04,6.05633E-04,6.05380E-04,6.01412E-04,8.51849E-04,8.52923E-04,8.53733E-04,1.08792E-03,1.08798E-03,1.08571E-03,1.31981E-03,1.32288E-03,1.32899E-03
678,1.07433E-04,1.08664E-04,1.08149E-04,3.48771E-04,3.49230E-04,3.49813E-04,5.91377E-04,5.91813E-04,5.87297E-04,8.32581E-04,8.32039E-04,8.33967E-04,1.06150E-03,1.06519E-03,1.06143E-03,1.29341E-03,1.29495E-03,1.29548E-03
679,1.05074E-04,1.05758E-04,1.05445E-04,3.38880E-04,3.40392E-04,3.40025E-04,5.76824E-04,5.77118E-04,5.73651E-04,8.11605E-04,8.10983E-04,8.12580E-04,1.03420E-03,1.04190E-03,1.03795E-03,1.26444E-03,1.26477E-03,1.25990E-03
680,1.03434E-04,1.03122E-04,1.03494E-04,3.31952E-04,3.32335E-04,3.31335E-04,5.64572E-04,5.61269E-04,5.61891E-04,7.90905E-04,7.90079E-04,7.92029E-04,1.01030E-03,1.01539E-03,1.01289E-03,1.23143E-03,1.23147E-03,1.22849E-03
681,1.01745E-04,1.00822E-04,1.01390E-04,3.25940E-04,3.24606E-04,3.23085E-04,5.51777E-04,5.45240E-04,5.49696E-04,7.71065E-04,7.70853E-04,7.71851E-04,9.88434E-04,9.86861E-04,9.88171E-04,1.19851E-03,1.19784E-03,1.20064E-03
682,9.92609E-05,9.87063E-05,9.84243E-05,3.18436E-04,3.16839E-04,3.14375E-04,5.36313E-04,5.30146E-04,5.35030E-04,7.52188E-04,7.53791E-04,7.51431E-04,9.66275E-04,9.58348E-04,9.65184E-04,1.16873E-03,1.16638E-03,1.17367E-03
683,9.63133E-05,9.64817E-05,9.55826E-05,3.09436E-04,3.09943E-04,3.05858E-04,5.22589E-04,5.17656E-04,5.20036E-04,7.35039E-04,7.36726E-04,7.32770E-04,9.43806E-04,9.33300E-04,9.42529E-04,1.14022E-03,1.13794E-03,1.14516E-03
684,9.33392E-05,9.38132E-05,9.34851E-05,2.99695E-04,3.03901E-04,2.98039E-04,5.12808E-04,5.07597E-04,5.06251E-04,7.19093E-04,7.17649E-04,7.16592E-04,9.20564E-04,9.12647E-04,9.18403E-04,1.11108E-03,1.11161E-03,1.11400E-03
685,9.07642E-05,9.05649E-05,9.12687E-05,2.91488E-04,2.96510E-04,2.91068E-04,5.01826E-04,4.96134E-04,4.92985E-04,7.01993E-04,6.97923E-04,7.00916E-04,8.96080E-04,8.92533E-04,8.93503E-04,1.08422E-03,1.08538E-03,1.08504E-03
686,8.87677E-05,8.71912E-05,8.84879E-05,2.85760E-04,2.87213E-04,2.84828E-04,4.86962E-04,4.82009E-04,4.80163E-04,6.83093E-04,6.79646E-04,6.84568E-04,8.71034E-04,8.70577E-04,8.69162E-04,1.06075E-03,1.05862E-03,1.06097E-03
687,8.69082E-05,8.52146E-05,8.59789E-05,2.79812E-04,2.79359E-04,2.78457E-04,4.72702E-04,4.70138E-04,4.69214E-04,6.65270E-04,6.64587E-04,6.68277E-04,8.47579E-04,8.48226E-04,8.46282E-04,1.03521E-03,1.03285E-03,1.03675E-03
688,8.48160E-05,8.47188E-05,8.41003E-05,2.72022E-04,2.73953E-04,2.71300E-04,4.61208E-04,4.61924E-04,4.59679E-04,6.49512E-04,6.51619E-04,6.51740E-04,8.26498E-04,8.26465E-04,8.24731E-04,1.00513E-03,1.00809E-03,1.00923E-03
689,8.25773E-05,8.31976E-05,8.22526E-05,2.64100E-04,2.67564E-04,2.63832E-04,4.49878E-04,4.52150E-04,4.48438E-04,6.34044E-04,6.36022E-04,6.33815E-04,8.07542E-04,8.06337E-04,8.04417E-04,9.76869E-04,9.83414E-04,9.82522E-04
690,8.03673E-05,8.00521E-05,8.01354E-05,2.57021E-04,2.59044E-04,2.56767E-04,4.37536E-04,4.39157E-04,4.34777E-04,6.17787E-04,6.17233E-04,6.14837E-04,7.89565E-04,7.87892E-04,7.85497E-04,9.54248E-04,9.58485E-04,9.59123E-04
691,7.83602E-05,7.78032E-05,7.79792E-05,2.49995E-04,2.51098E-04,2.50783E-04,4.25520E-04,4.27177E-04,4.21617E-04,6.00675E-04,6.00843E-04,5.96981E-04,7.69745E-04,7.69142E-04,7.67887E-04,9.35086E-04,9.33357E-04,9.37249E-04
692,7.65619E-05,7.69427E-05,7.59348E-05,2.43270E-04,2.45060E-04,2.45320E-04,4.14923E-04,4.17314E-04,4.10532E-04,5.83252E-04,5.87858E-04,5.81154E-04,7.48210E-04,7.49387E-04,7.50890E-04,9.15294E-04,9.08671E-04,9.15022E-04
693,7.47413E-05,7.51940E-05,7.39687E-05,2.38362E-04,2.40053E-04,2.38309E-04,4.06024E-04,4.06184E-04,4.00869E-04,5.66459E-04,5.72933E-04,5.66260E-04,7.28454E-04,7.29388E-04,7.32817E-04,8.89027E-04,8.85324E-04,8.90607E-04
694,7.27446E-05,7.22054E-05,7.20467E-05,2.34775E-04,2.34603E-04,2.30214E-04,3.97559E-04,3.93754E-04,3.91748E-04,5.51155E-04,5.55070E-04,5.51487E-04,7.10948E-04,7.09371E-04,7.13210E-04,8.58816E-04,8.63252E-04,8.64801E-04
695,7.05029E-05,6.96533E-05,7.01224E-05,2.29932E-04,2.26888E-04,2.23917E-04,3.86777E-04,3.83326E-04,3.82115E-04,5.37805E-04,5.37779E-04,5.36329E-04,6.92768E-04,6.88777E-04,6.92640E-04,8.34914E-04,8.41135E-04,8.40593E-04
696,6.82664E-05,6.79765E-05,6.82212E-05,2.23602E-04,2.18647E-04,2.19452E-04,3.74316E-04,3.74784E-04,3.72136E-04,5.25435E-04,5.22860E-04,5.21957E-04,6.73593E-04,6.68768E-04,6.71646E-04,8.17330E-04,8.18728E-04,8.18358E-04
697,6.64430E-05,6.64721E-05,6.63604E-05,2.17220E-04,2.13873E-04,2.14359E-04,3.63061E-04,3.64977E-04,3.62532E-04,5.11602E-04,5.09919E-04,5.10098E-04,6.54672E-04,6.51087E-04,6.50194E-04,7.97173E-04,7.95941E-04,7.95610E-04
698,6.50762E-05,6.48152E-05,6.45937E-05,2.10673E-04,2.10872E-04,2.08394E-04,3.53211E-04,3.54502E-04,3.53024E-04,4.96837E-04,4.97838E-04,4.99210E-04,6.37137E-04,6.35517E-04,6.30637E-04,7.74286E-04,7.73536E-04,7.72972E-04
699,6.40491E-05,6.31017E-05,6.30849E-05,2.03431E-04,2.05140E-04,2.03052E-04,3.43903E-04,3.46580E-04,3.43478E-04,4.84158E-04,4.86012E-04,4.86819E-04,6.22791E-04,6.21523E-04,6.17213E-04,7.54910E-04,7.53987E-04,7.54063E-04
700,6.29057E-05,6.16706E-05,6.16711E-05,1.97091E-04,1.97744E-04,1.98305E-04,3.35068E-04,3.39160E-04,3.35163E-04,4.72483E-04,4.73928E-04,4.73347E-04,6.09612E-04,6.06775E-04,6.05930E-04,7.36180E-04,7.36957E-04,7.37288E-04
701,6.10811E-05,6.08156E-05,6.00481E-05,1.93546E-04,1.92101E-04,1.93338E-04,3.26806E-04,3.28257E-04,3.29302E-04,4.59021E-04,4.61156E-04,4.60408E-04,5.94039E-04,5.88755E-04,5.89654E-04,7.11948E-04,7.20318E-04,7.18776E-04
702,5.86493E-05,5.98374E-05,5.82759E-05,1.89513E-04,1.87929E-04,1.88013E-04,3.18266E-04,3.16549E-04,3.22633E-04,4.45197E-04,4.48639E-04,4.48362E-04,5.77239E-04,5.71467E-04,5.70962E-04,6.88245E-04,7.01747E-04,6.99780E-04
703,5.59522E-05,5.77966E-05,5.64530E-05,1.80979E-04,1.83431E-04,1.82241E-04,3.08150E-04,3.07816E-04,3.11023E-04,4.32914E-04,4.36774E-04,4.36315E-04,5.60566E-04,5.58812E-04,5.54418E-04,6.72253E-04,6.78794E-04,6.81714E-04
704,5.39672E-05,5.51970E-05,5.47304E-05,1.72801E-04,1.78764E-04,1.76712E-04,2.98170E-04,3.01022E-04,2.98440E-04,4.22449E-04,4.25117E-04,4.24348E-04,5.42615E-04,5.46813E-04,5.40558E-04,6.59190E-04,6.55984E-04,6.63597E-04
705,5.33214E-05,5.28976E-05,5.31858E-05,1.70094E-04,1.74470E-04,1.72003E-04,2.90318E-04,2.93946E-04,2.89723E-04,4.13269E-04,4.13224E-04,4.12636E-04,5.22895E-04,5.30762E-04,5.28464E-04,6.42831E-04,6.38001E-04,6.44147E-04
706,5.25927E-05,5.13901E-05,5.15547E-05,1.68635E-04,1.70219E-04,1.67341E-04,2.84069E-04,2.85457E-04,2.83496E-04,4.03606E-04,4.01543E-04,4.00489E-04,5.07315E-04,5.12228E-04,5.16355E-04,6.25254E-04,6.21883E-04,6.23575E-04
707,5.07818E-05,5.07947E-05,4.97054E-05,1.64449E-04,1.65473E-04,1.62432E-04,2.78379E-04,2.75904E-04,2.77452E-04,3.92370E-04,3.90772E-04,3.87946E-04,4.99298E-04,4.94949E-04,5.03122E-04,6.09043E-04,6.04947E-04,6.02932E-04
708,4.93111E-05,5.03965E-05,4.80460E-05,1.60058E-04,1.59539E-04,1.59012E-04,2.72152E-04,2.68737E-04,2.70465E-04,3.80784E-04,3.81386E-04,3.77244E-04,4.90949E-04,4.84099E-04,4.89663E-04,5.92398E-04,5.89600E-04,5.84074E-04
709,4.88550E-05,4.94624E-05,4.68910E-05,1.57040E-04,1.52723E-04,1.56965E-04,2.64853E-04,2.64789E-04,2.62243E-04,3.69447E-04,3.72473E-04,3.68752E-04,4.76343E-04,4.78934E-04,4.76261E-04,5.74465E-04,5.76061E-04,5.67886E-04
710,4.78948E-05,4.76847E-05,4.63069E-05,1.53333E-04,1.47824E-04,1.52283E-04,2.57916E-04,2.59355E-04,2.54594E-04,3.58037E-04,3.61595E-04,3.59465E-04,4.59042E-04,4.67859E-04,4.62732E-04,5.59530E-04,5.60211E-04,5.54695E-04
711,4.57558E-05,4.52042E-05,4.57446E-05,1.48149E-04,1.45435E-04,1.44778E-04,2.51562E-04,2.50132E-04,2.48144E-04,3.46917E-04,3.48504E-04,3.48308E-04,4.43022E-04,4.48551E-04,4.49025E-04,5.47499E-04,5.41508E-04,5.43133E-04
712,4.35251E-05,4.28557E-05,4.39280E-05,1.43541E-04,1.42724E-04,1.40833E-04,2.44394E-04,2.39973E-04,2.41892E-04,3.38293E-04,3.37187E-04,3.38409E-04,4.31981E-04,4.35163E-04,4.36312E-04,5.32120E-04,5.26544E-04,5.30562E-04
713,4.20155E-05,4.13305E-05,4.13678E-05,1.39775E-04,1.38572E-04,1.40477E-04,2.36257E-04,2.31545E-04,2.35307E-04,3.31287E-04,3.28812E-04,3.30834E-04,4.25546E-04,4.29170E-04,4.25197E-04,5.13479E-04,5.15975E-04,5.15990E-04
714,4.14390E-05,4.09788E-05,4.04243E-05,1.34856E-04,1.33942E-04,1.36299E-04,2.28238E-04,2.26356E-04,2.28348E-04,3.21419E-04,3.20690E-04,3.23608E-04,4.18411E-04,4.16566E-04,4.15001E-04,4.98341E-04,5.02835E-04,4.99941E-04
715,4.07505E-05,4.11293E-05,4.05618E-05,1.29641E-04,1.29870E-04,1.28651E-04,2.21015E-04,2.22716E-04,2.22252E-04,3.10953E-04,3.11610E-04,3.15593E-04,4.07289E-04,3.96436E-04,4.04537E-04,4.86500E-04,4.85310E-04,4.85271E-04
716,3.82655E-05,4.04792E-05,3.91627E-05,1.27180E-04,1.27376E-04,1.24216E-04,2.15154E-04,2.17097E-04,2.19190E-04,3.07281E-04,3.02265E-04,3.06980E-04,3.91894E-04,3.79355E-04,3.93056E-04,4.73070E-04,4.67001E-04,4.76606E-04
717,3.54697E-05,3.90228E-05,3.69587E-05,1.25420E-04,1.25239E-04,1.23065E-04,2.10163E-04,2.09752E-04,2.16155E-04,3.05767E-04,2.93009E-04,2.97550E-04,3.76181E-04,3.68767E-04,3.80787E-04,4.58572E-04,4.51330E-04,4.68818E-04
718,3.53198E-05,3.76060E-05,3.64023E-05,1.20598E-04,1.21677E-04,1.21883E-04,2.05619E-04,2.03573E-04,2.08821E-04,2.97192E-04,2.84904E-04,2.87973E-04,3.66663E-04,3.64316E-04,3.69681E-04,4.47531E-04,4.42168E-04,4.54277E-04
719,3.65680E-05,3.65031E-05,3.66185E-05,1.15587E-04,1.17225E-04,1.19059E-04,2.00595E-04,1.98277E-04,2.00228E-04,2.84084E-04,2.77913E-04,2.79312E-04,3.60022E-04,3.60431E-04,3.59747E-04,4.37162E-04,4.35754E-04,4.37434E-04
720,3.66186E-05,3.56310E-05,3.57560E-05,1.14444E-04,1.13157E-04,1.13992E-04,1.94268E-04,1.92485E-04,1.94819E-04,2.72854E-04,2.71419E-04,2.72216E-04,3.50085E-04,3.50752E-04,3.49888E-04,4.23036E-04,4.25834E-04,4.25492E-04
721,3.53678E-05,3.45704E-05,3.43858E-05,1.13750E-04,1.10055E-04,1.08035E-04,1.88366E-04,1.87150E-04,1.89565E-04,2.65499E-04,2.65695E-04,2.65950E-04,3.39185E-04,3.37927E-04,3.39553E-04,4.10170E-04,4.12366E-04,4.16016E-04
722,3.35015E-05,3.31794E-05,3.33366E-05,1.09953E-04,1.07905E-04,1.03031E-04,1.84362E-04,1.83165E-04,1.81624E-04,2.61290E-04,2.60970E-04,2.59715E-04,3.30588E-04,3.26328E-04,3.28989E-04,4.03057E-04,3.98017E-04,4.05237E-04
723,3.17191E-05,3.23686E-05,3.18432E-05,1.05603E-04,1.05017E-04,1.00140E-04,1.79756E-04,1.78293E-04,1.75015E-04,2.53933E-04,2.55361E-04,2.52716E-04,3.21170E-04,3.15980E-04,3.19080E-04,3.93970E-04,3.86498E-04,3.92495E-04
724,3.05334E-05,3.24892E-05,2.97858E-05,1.03112E-04,1.00586E-04,9.93886E-05,1.73250E-04,1.71796E-04,1.72365E-04,2.41612E-04,2.47871E-04,2.44752E-04,3.09425E-04,3.07244E-04,3.10129E-04,3.79120E-04,3.79452E-04,3.79172E-04
725,2.98665E-05,3.20981E-05,2.89344E-05,1.01470E-04,9.60043E-05,9.81963E-05,1.67067E-04,1.66716E-04,1.69550E-04,2.33383E-04,2.39279E-04,2.35844E-04,2.98639E-04,3.01530E-04,2.99549E-04,3.66725E-04,3.71854E-04,3.67931E-04
726,2.94793E-05,3.06327E-05,2.94644E-05,9.93719E-05,9.29282E-05,9.55963E-05,1.61860E-04,1.63873E-04,1.64298E-04,2.31616E-04,2.30498E-04,2.26781E-04,2.90424E-04,2.97122E-04,2.88417E-04,3.59755E-04,3.60625E-04,3.59381E-04
727,2.90287E-05,2.91725E-05,2.89374E-05,9.58556E-05,9.28886E-05,9.34860E-05,1.55542E-04,1.60263E-04,1.58428E-04,2.27142E-04,2.22414E-04,2.19466E-04,2.83199E-04,2.87943E-04,2.83551E-04,3.51467E-04,3.47135E-04,3.51066E-04
728,2.83349E-05,2.83549E-05,2.71013E-05,9.15978E-05,9.38812E-05,9.23452E-05,1.49725E-04,1.55261E-04,1.53078E-04,2.18118E-04,2.15389E-04,2.13038E-04,2.76053E-04,2.75305E-04,2.82571E-04,3.39261E-04,3.35214E-04,3.41557E-04
729,2.74601E-05,2.82233E-05,2.60297E-05,8.88374E-05,9.09944E-05,9.10954E-05,1.49426E-04,1.50990E-04,1.48519E-04,2.10884E-04,2.09505E-04,2.04459E-04,2.69344E-04,2.67871E-04,2.74681E-04,3.26003E-04,3.30363E-04,3.31115E-04
730,2.67892E-05,2.82727E-05,2.59643E-05,8.74214E-05,8.58850E-05,8.84754E-05,1.50294E-04,1.47141E-04,1.44646E-04,2.05443E-04,2.04655E-04,1.96378E-04,2.62862E-04,2.63392E-04,2.61517E-04,3.14759E-04,3.27098E-04,3.19165E-04
731,2.67507E-05,2.77479E-05,2.59151E-05,8.56380E-05,8.39715E-05,8.36399E-05,1.43297E-04,1.42098E-04,1.41191E-04,1.98268E-04,2.00643E-04,1.94413E-04,2.56180E-04,2.53705E-04,2.52450E-04,3.08058E-04,3.14761E-04,3.05376E-04
732,2.62625E-05,2.66486E-05,2.54842E-05,8.22642E-05,8.32657E-05,7.89966E-05,1.33429E-04,1.36624E-04,1.37371E-04,1.92435E-04,1.96104E-04,1.94495E-04,2.48694E-04,2.42976E-04,2.46244E-04,3.01664E-04,2.99883E-04,2.93480E-04
733,2.41994E-05,2.53348E-05,2.45980E-05,7.70915E-05,7.95356E-05,7.72958E-05,1.29539E-04,1.32202E-04,1.32545E-04,1.91601E-04,1.89448E-04,1.89985E-04,2.40201E-04,2.38340E-04,2.37892E-04,2.90332E-04,2.92963E-04,2.87273E-04
734,2.26001E-05,2.43467E-05,2.34949E-05,7.39672E-05,7.45533E-05,7.64136E-05,1.28975E-04,1.29251E-04,1.28529E-04,1.88876E-04,1.81539E-04,1.84038E-04,2.34003E-04,2.35482E-04,2.29241E-04,2.80171E-04,2.87615E-04,2.83843E-04
735,2.30575E-05,2.39689E-05,2.25712E-05,7.52265E-05,7.11582E-05,7.39196E-05,1.27242E-04,1.27307E-04,1.26801E-04,1.79301E-04,1.74249E-04,1.80678E-04,2.31898E-04,2.28943E-04,2.23031E-04,2.76999E-04,2.76879E-04,2.79208E-04
736,2.30341E-05,2.34648E-05,2.22928E-05,7.49719E-05,6.97573E-05,7.03871E-05,1.23814E-04,1.23724E-04,1.25162E-04,1.71842E-04,1.69418E-04,1.77311E-04,2.27319E-04,2.18860E-04,2.17738E-04,2.74792E-04,2.65395E-04,2.70970E-04
737,2.13035E-05,2.24066E-05,2.24961E-05,7.04977E-05,6.97138E-05,6.73623E-05,1.19374E-04,1.17648E-04,1.21881E-04,1.70801E-04,1.66877E-04,1.71778E-04,2.16454E-04,2.07927E-04,2.12557E-04,2.68170E-04,2.56580E-04,2.59726E-04
738,2.03897E-05,2.12874E-05,2.18915E-05,6.76374E-05,6.93255E-05,6.71277E-05,1.15532E-04,1.12300E-04,1.17400E-04,1.67516E-04,1.62957E-04,1.65038E-04,2.03520E-04,2.01623E-04,2.09435E-04,2.57141E-04,2.47957E-04,2.51081E-04
739,2.07959E-05,2.04373E-05,2.07288E-05,6.76158E-05,6.75612E-05,6.88950E-05,1.12404E-04,1.09323E-04,1.12771E-04,1.60173E-04,1.57725E-04,1.58675E-04,1.93360E-04,1.99449E-04,2.06877E-04,2.45036E-04,2.39535E-04,2.46135E-04
740,2.02419E-05,1.98284E-05,2.09792E-05,6.52476E-05,6.42331E-05,6.81713E-05,1.08045E-04,1.07590E-04,1.09047E-04,1.55816E-04,1.55247E-04,1.53979E-04,1.89532E-04,1.93393E-04,1.98901E-04,2.37318E-04,2.34026E-04,2.39552E-04
741,1.90011E-05,1.96768E-05,2.16951E-05,6.11042E-05,6.05120E-05,6.44223E-05,1.03207E-04,1.05729E-04,1.05676E-04,1.54107E-04,1.53211E-04,1.49927E-04,1.89867E-04,1.84314E-04,1.87915E-04,2.33272E-04,2.30193E-04,2.31084E-04
742,1.90815E-05,2.02199E-05,2.01858E-05,5.98144E-05,5.83558E-05,6.02186E-05,1.00529E-04,1.02659E-04,1.01342E-04,1.49506E-04,1.45681E-04,1.44200E-04,1.88532E-04,1.79136E-04,1.81978E-04,2.28153E-04,2.24285E-04,2.24376E-04
743,1.97311E-05,2.01945E-05,1.80466E-05,6.07870E-05,5.77198E-05,5.70489E-05,1.00070E-04,9.95849E-05,9.78553E-05,1.42220E-04,1.37084E-04,1.37271E-04,1.83922E-04,1.75593E-04,1.80597E-04,2.22227E-04,2.16258E-04,2.19625E-04
744,1.92866E-05,1.82930E-05,1.79666E-05,6.10251E-05,5.75388E-05,5.55769E-05,1.00190E-04,9.80196E-05,9.72983E-05,1.35094E-04,1.34176E-04,1.30961E-04,1.76558E-04,1.68997E-04,1.79219E-04,2.17437E-04,2.07792E-04,2.15165E-04
745,1.81664E-05,1.64132E-05,1.83032E-05,5.85819E-05,5.68702E-05,5.54454E-05,9.79731E-05,9.65816E-05,9.68024E-05,1.31071E-04,1.32410E-04,1.27814E-04,1.68566E-04,1.64896E-04,1.74890E-04,2.13740E-04,2.01591E-04,2.09907E-04
746,1.70399E-05,1.61717E-05,1.72927E-05,5.35221E-05,5.49844E-05,5.53785E-05,9.20830E-05,9.37296E-05,9.35849E-05,1.30534E-04,1.27302E-04,1.28252E-04,1.62139E-04,1.66361E-04,1.66485E-04,2.09502E-04,1.98103E-04,2.02603E-04
747,1.57844E-05,1.61634E-05,1.61625E-05,5.06415E-05,5.19136E-05,5.27740E-05,8.67262E-05,9.01292E-05,8.92472E-05,1.27812E-04,1.23560E-04,1.27287E-04,1.59256E-04,1.63272E-04,1.57354E-04,2.01489E-04,1.92196E-04,1.92241E-04
748,1.45822E-05,1.55207E-05,1.58292E-05,5.14631E-05,4.89125E-05,4.79925E-05,8.44408E-05,8.68148E-05,8.58045E-05,1.21363E-04,1.22998E-04,1.23626E-04,1.58755E-04,1.53073E-04,1.50377E-04,1.90428E-04,1.83370E-04,1.81348E-04
749,1.41951E-05,1.49512E-05,1.58900E-05,5.11457E-05,4.86526E-05,4.60288E-05,8.34403E-05,8.45173E-05,8.44147E-05,1.17137E-04,1.20369E-04,1.22621E-04,1.54463E-04,1.47622E-04,1.45973E-04,1.82900E-04,1.78994E-04,1.77009E-04
750,1.42979E-05,1.48619E-05,1.57612E-05,4.88669E-05,5.05073E-05,4.66854E-05,8.22531E-05,8.24574E-05,8.35771E-05,1.15281E-04,1.14398E-04,1.23767E-04,1.46784E-04,1.47467E-04,1.42669E-04,1.79636E-04,1.78502E-04,1.77926E-04
751,1.37003E-05,1.51411E-05,1.49914E-05,4.79354E-05,5.11429E-05,4.51690E-05,8.04615E-05,7.91250E-05,8.03093E-05,1.11078E-04,1.08653E-04,1.21500E-04,1.42527E-04,1.43166E-04,1.38369E-04,1.76560E-04,1.74890E-04,1.76052E-04
752,1.25418E-05,1.38778E-05,1.41358E-05,4.67259E-05,4.97061E-05,4.13279E-05,7.68871E-05,7.51757E-05,7.65411E-05,1.06109E-04,1.05010E-04,1.13783E-04,1.37972E-04,1.36511E-04,1.32735E-04,1.72141E-04,1.68627E-04,1.69200E-04
753,1.17474E-05,9.40511E-06,1.40922E-05,4.21383E-05,4.70860E-05,3.77759E-05,7.08046E-05,7.22678E-05,7.58824E-05,1.04575E-04,1.03994E-04,1.02030E-04,1.26371E-04,1.34273E-04,1.26740E-04,1.66684E-04,1.63516E-04,1.59739E-04
754,1.20919E-05,6.67802E-06,1.43553E-05,3.84253E-05,4.54228E-05,3.66805E-05,6.57571E-05,6.99759E-05,7.50269E-05,1.03909E-04,1.03548E-04,9.37328E-05,1.16627E-04,1.33207E-04,1.21860E-04,1.61048E-04,1.56557E-04,1.54613E-04
755,1.34573E-05,9.51187E-06,1.41677E-05,3.88559E-05,4.52408E-05,3.83669E-05,6.44252E-05,6.73548E-05,7.08652E-05,1.00706E-04,1.01469E-04,9.31230E-05,1.16772E-04,1.28097E-04,1.18757E-04,1.55335E-04,1.45811E-04,1.56352E-04
756,1.36060E-05,1.25287E-05,1.36516E-05,3.79054E-05,4.23036E-05,3.91800E-05,6.44707E-05,6.53812E-05,6.87770E-05,9.75609E-05,9.95429E-05,9.17037E-05,1.20214E-04,1.20230E-04,1.17787E-04,1.50215E-04,1.41815E-04,1.53959E-04
757,1.20812E-05,1.22656E-05,1.28957E-05,3.39700E-05,3.66481E-05,3.72630E-05,6.39651E-05,6.48207E-05,7.07979E-05,9.58168E-05,9.72774E-05,8.65471E-05,1.21082E-04,1.12659E-04,1.17441E-04,1.46392E-04,1.46127E-04,1.44031E-04
758,1.17689E-05,1.09542E-05,1.17183E-05,3.39607E-05,3.61091E-05,3.47290E-05,6.30090E-05,6.54127E-05,7.12034E-05,9.31256E-05,8.97261E-05,8.68308E-05,1.18837E-04,1.09132E-04,1.13442E-04,1.44243E-04,1.42813E-04,1.38630E-04
759,1.26207E-05,1.00116E-05,1.08509E-05,3.78776E-05,3.89552E-05,3.24843E-05,6.13992E-05,6.55432E-05,6.78622E-05,9.01794E-05,8.12823E-05,9.14613E-05,1.14422E-04,1.09009E-04,1.07452E-04,1.42769E-04,1.32163E-04,1.37476E-04
760,1.18952E-05,9.56121E-06,1.15295E-05,3.90027E-05,3.52641E-05,3.00551E-05,5.85867E-05,6.26799E-05,6.26421E-05,8.98533E-05,8.32182E-05,8.97107E-05,1.09557E-04,1.07603E-04,1.05779E-04,1.39522E-04,1.28950E-04,1.29123E-04
761,1.03041E-05,9.49401E-06,1.18781E-05,3.61068E-05,2.92872E-05,2.84774E-05,5.62414E-05,5.80596E-05,5.83370E-05,8.81058E-05,8.80714E-05,8.23670E-05,1.06658E-04,1.04019E-04,1.06373E-04,1.33541E-04,1.30201E-04,1.20893E-04
762,9.85211E-06,9.71421E-06,9.59368E-06,3.12883E-05,2.99778E-05,2.90025E-05,5.60230E-05,5.45018E-05,5.68219E-05,7.99392E-05,8.27884E-05,7.57262E-05,1.06665E-04,9.97713E-05,1.03838E-04,1.25104E-04,1.25913E-04,1.24847E-04
763,9.90149E-06,1.07176E-05,8.09361E-06,2.81243E-05,3.28615E-05,3.03594E-05,5.46878E-05,5.32758E-05,5.44750E-05,7.36637E-05,7.57053E-05,7.29914E-05,1.03278E-04,9.86462E-05,9.92190E-05,1.17546E-04,1.19635E-04,1.29347E-04
764,9.48832E-06,1.21107E-05,9.65900E-06,2.88706E-05,3.25886E-05,3.07797E-05,5.08320E-05,5.39712E-05,4.96040E-05,7.48137E-05,7.51432E-05,7.43066E-05,9.40125E-05,1.01295E-04,9.58888E-05,1.14308E-04,1.16189E-04,1.24196E-04
765,8.66328E-06,1.10876E-05,1.01427E-05,3.16455E-05,3.07700E-05,2.90814E-05,5.05195E-05,5.33450E-05,4.86071E-05,7.37122E-05,7.51480E-05,7.47809E-05,9.00207E-05,9.96586E-05,9.81809E-05,1.16940E-04,1.14289E-04,1.18388E-04
766,7.63609E-06,7.85077E-06,8.30077E-06,3.29642E-05,2.95521E-05,2.64202E-05,5.36278E-05,5.07227E-05,5.15961E-05,6.83579E-05,7.23579E-05,7.22155E-05,9.29233E-05,9.24340E-05,1.02457E-04,1.21833E-04,1.10981E-04,1.16796E-04
767,6.68328E-06,6.58722E-06,7.57524E-06,2.88285E-05,3.02566E-05,2.65390E-05,5.15904E-05,4.90957E-05,4.99933E-05,6.85115E-05,6.92712E-05,6.88784E-05,9.06790E-05,8.80706E-05,9.61348E-05,1.19962E-04,1.03138E-04,1.15688E-04
768,6.70574E-06,7.30607E-06,8.15130E-06,2.40194E-05,3.10958E-05,2.90725E-05,4.63256E-05,4.85884E-05,4.58291E-05,7.12540E-05,6.57578E-05,6.65237E-05,8.46412E-05,8.66438E-05,8.33443E-05,1.10745E-04,9.68059E-05,1.13395E-04
769,8.53812E-06,7.56271E-06,8.08733E-06,2.70121E-05,2.90803E-05,3.08950E-05,4.60023E-05,4.75952E-05,4.70292E-05,6.71482E-05,6.10083E-05,6.58438E-05,8.43128E-05,8.33293E-05,7.82088E-05,1.00109E-04,1.01619E-04,1.10289E-04
770,9.74621E-06,8.61578E-06,7.43120E-06,3.02602E-05,2.61083E-05,2.95837E-05,4.82501E-05,4.57635E-05,4.83275E-05,6.23985E-05,6.07248E-05,6.24814E-05,8.52739E-05,7.92074E-05,7.90182E-05,9.26525E-05,1.06689E-04,1.04728E-04
771,8.34277E-06,1.13238E-05,6.96990E-06,2.55722E-05,2.45393E-05,2.50598E-05,4.80950E-05,4.35783E-05,4.38134E-05,6.39503E-05,6.77353E-05,5.44383E-05,8.17002E-05,7.68029E-05,7.95155E-05,9.07719E-05,1.00737E-04,9.61595E-05
772,7.24645E-06,1.13045E-05,7.37653E-06,2.05437E-05,2.25512E-05,2.31433E-05,4.45181E-05,4.23330E-05,4.01130E-05,6.33079E-05,6.90228E-05,5.17752E-05,7.87228E-05,7.58625E-05,7.73439E-05,9.12526E-05,9.37156E-05,8.89269E-05
773,7.71819E-06,7.73092E-06,8.13784E-06,2.05626E-05,2.03283E-05,2.49261E-05,3.95810E-05,4.18079E-05,4.06231E-05,5.77981E-05,5.95121E-05,5.69884E-05,7.85922E-05,7.49331E-05,7.38029E-05,9.09221E-05,9.08718E-05,8.54089E-05
774,7.34635E-06,6.30068E-06,7.19835E-06,2.32425E-05,2.18718E-05,2.33320E-05,3.86148E-05,3.96284E-05,4.06713E-05,5.72363E-05,5.04768E-05,5.86981E-05,7.66571E-05,7.19276E-05,7.43551E-05,8.86162E-05,8.53033E-05,8.38707E-05
775,6.43523E-06,7.68422E-06,5.40387E-06,2.49519E-05,2.47422E-05,1.96698E-05,4.09038E-05,3.69144E-05,3.84351E-05,5.97242E-05,4.89762E-05,5.69592E-05,7.22859E-05,6.74543E-05,7.68080E-05,8.44960E-05,7.91944E-05,8.23862E-05
776,7.10926E-06,8.51675E-06,5.51160E-06,2.27343E-05,2.26753E-05,2.08663E-05,4.14022E-05,3.69738E-05,3.50515E-05,5.55208E-05,5.57997E-05,5.94533E-05,6.81968E-05,6.42479E-05,7.39260E-05,7.96571E-05,8.05063E-05,7.98630E-05
777,7.69658E-06,7.90404E-06,6.97647E-06,2.11876E-05,1.94345E-05,2.34131E-05,3.94285E-05,3.81225E-05,3.25990E-05,4.95218E-05,5.92411E-05,5.83076E-05,6.48275E-05,6.42533E-05,6.68138E-05,7.48317E-05,8.21695E-05,7.95005E-05
778,6.56219E-06,6.16630E-06,8.18542E-06,2.41191E-05,2.00202E-05,2.17432E-05,3.70572E-05,3.74712E-05,3.25519E-05,4.94387E-05,5.05321E-05,4.69837E-05,6.14903E-05,6.74154E-05,5.97694E-05,7.03583E-05,7.66371E-05,8.23352E-05
779,6.80892E-06,4.14321E-06,8.36161E-06,2.36394E-05,2.06674E-05,1.69614E-05,3.88918E-05,3.44839E-05,3.32754E-05,5.29596E-05,4.45862E-05,4.18578E-05,5.66631E-05,6.82765E-05,5.59825E-05,6.54853E-05,7.30027E-05,7.73154E-05
780,8.76234E-06,3.11014E-06,7.61709E-06,1.82205E-05,1.97939E-05,1.27474E-05,4.31447E-05,3.01829E-05,3.31470E-05,5.54087E-05,4.80817E-05,4.85590E-05,5.09066E-05,6.43217E-05,5.54562E-05,6.17795E-05,7.45658E-05,6.47962E-05
